street,name,city,postal,date,link
1 Elizabeth St,Jeffers Pharmacy Limited,"Orangeville, ON",L9W 7N7,2021-03-29,https://covid-19.ontario.ca/vaccine-locations
1 Eva Rd,One Eva,"Etobicoke, ON",M9C 4Z5,2021-03-10,https://covid-19.ontario.ca/vaccine-locations
1 First Canadian Place Unit # CN1038,1 First Canadian Place - Rexall,"Toronto, ON",M5X 1C8,2021-03-10,https://covid-19.ontario.ca/vaccine-locations
1 Wheelhouse Dr Unit 2,Wilmot Creek Pharmacy,"Newcastle, ON",L1B 1B9,2021-04-02,https://covid-19.ontario.ca/vaccine-locations
1 York Gate Blvd N,York Gate IDA Drugmart,"York, ON",M3N 3A1,2021-03-29,https://covid-19.ontario.ca/vaccine-locations
10 Alkenbrack St Unit 2,10 Alkenbrack St. - Shoppers Drug Mart,"Napanee, ON",K7R 0A6,2021-03-10,https://covid-19.ontario.ca/vaccine-locations
10 Lower Jarvis St,10 Lower Jarvis Street - Loblaw,"Toronto, ON",M5E 1Z2,2021-03-10,https://covid-19.ontario.ca/vaccine-locations
10 Maplewood Ave N,Northern Shores Pharmacy,"Bay, ON",P1B 5H2,2021-03-29,https://covid-19.ontario.ca/vaccine-locations
10 Neighbourhood Lane Unit 103,Clinicplus I.D.A. Pharmacy,"Etobicoke, ON",M8Y 0C5,2021-03-10,https://covid-19.ontario.ca/vaccine-locations
100 Billy Bishop Way N,100 Billy Bishop Way - Costco,"York, ON",M3K 2C8,2021-03-10,https://covid-19.ontario.ca/vaccine-locations
100 Biscayne Crescent,Costco Pharmacy,"Brampton, ON",L6W 4S1,2021-03-29,https://covid-19.ontario.ca/vaccine-locations
100 City Centre Dr,Wal-Mart Pharmacy,"Mississauga, ON",L5B 2C9,2021-03-29,https://covid-19.ontario.ca/vaccine-locations
100 Legend Court,Costco Pharmacy,"Ancaster, ON",L9K 1J3,2021-03-29,https://covid-19.ontario.ca/vaccine-locations
100 Park St W,Downtown Windsor Pharmacy,"Windsor, ON",N9A 7A5,2021-03-10,https://covid-19.ontario.ca/vaccine-locations
1000 Bay St,Sanomed Pharmacy & Compounding Centre,"Toronto, ON",M5S 3A8,2021-03-11,https://covid-19.ontario.ca/vaccine-locations
1000 Bay st,Sanomed Pharmacy & Compounding Centre,"Toronto, ON",M5S 3A8,2021-03-10,https://web.archive.org/web/20210310100031/https://covid-19.ontario.ca/vaccine-locations/
1002 Chemong Rd,Wal-Mart Pharmacy,"Peterborough, ON",K9H 7E2,2021-03-29,https://covid-19.ontario.ca/vaccine-locations
10035 Hurontario St Units 13-15,Rexall,"Brampton, ON",L6Z 0E6,2021-03-29,https://covid-19.ontario.ca/vaccine-locations
101 Second Line,Drugstore Pharmacy,"Shelburne, ON",L9V 3J4,2021-03-29,https://covid-19.ontario.ca/vaccine-locations
1011 Princess St,1011 Princess St. - Shoppers Drug Mart,"Kingston, ON",K7L 1H3,2021-03-10,https://covid-19.ontario.ca/vaccine-locations
1011 Upper Middle Rd E,Metro Pharmacy,"Oakville, ON",L6H 4L2,2021-03-29,https://covid-19.ontario.ca/vaccine-locations
1011 Upper Middle Rd Unit D5,Shoppers Drug Mart,"Oakville, ON",L6H 4L3,2021-03-29,https://covid-19.ontario.ca/vaccine-locations
1015 Centennial Dr,1015 Centennial Drive - Costco,"Kingston, ON",K7P 3B7,2021-03-10,https://covid-19.ontario.ca/vaccine-locations
1015 Lakeshore Blvd E,1015 Lakeshore Blvd. East - Shoppers Drug Mart,"Toronto, ON",M4M 1B4,2021-03-10,https://covid-19.ontario.ca/vaccine-locations
1017 Carson Rd,Springwater Pharmacy,"Barrie, ON",L4M 0K1,2021-03-29,https://covid-19.ontario.ca/vaccine-locations
1020 Islington Ave,1020 Islington Avenue - Loblaw,"Toronto, ON",M8Z 4R3,2021-03-10,https://covid-19.ontario.ca/vaccine-locations
1020 Kennedy Circle,Shoppers Drug Mart,"Milton, ON",L9T 0J9,2021-03-29,https://covid-19.ontario.ca/vaccine-locations
1025 Gerrard St E,Vina Pharmacy,"Toronto, ON",M4M 1Z6,2021-03-10,https://covid-19.ontario.ca/vaccine-locations
1027 Yonge St,1027 Yonge Street - Shoppers Drug Mart,"Toronto, ON",M4W 2K9,2021-03-10,https://covid-19.ontario.ca/vaccine-locations
1030 Coverdale Dr,1030 Coverdale Drive - Loblaw,"Kingston, ON",K7M 8X7,2021-03-10,https://covid-19.ontario.ca/vaccine-locations
1033 Queem St W Unit A,1033 Queen Street West - Shoppers Drug Mart,"Toronto, ON",M6J 0A6,2021-03-10,https://web.archive.org/web/20210310100031/https://covid-19.ontario.ca/vaccine-locations/
1033 Queen St W Unit A,1033 Queen Street West - Shoppers Drug Mart,"Toronto, ON",M6J 0A6,2021-03-11,https://covid-19.ontario.ca/vaccine-locations
1036 Elizabeth St Sharbot,Pharmasave Sharbot Lake,"Lake, ON",K0H 2P0,2021-03-10,https://covid-19.ontario.ca/vaccine-locations
1036 Princess St,1036 Princess Street - Rexall,"Kingston, ON",K7L 1H2,2021-03-10,https://covid-19.ontario.ca/vaccine-locations
1045 Paisley Rd,Drugstore Pharmacy,"Guelph, ON",N1K 1X6,2021-03-29,https://covid-19.ontario.ca/vaccine-locations
1048 Midland Ave,1048 Midland Avenue - Loblaw,"Kingston, ON",K7P 2X9,2021-03-10,https://covid-19.ontario.ca/vaccine-locations
105 Oak Park Dr Unit 4,Carriage Crossing Pharmacy,"Waterloo, ON",N2K 0B3,2021-03-29,https://covid-19.ontario.ca/vaccine-locations
105 Sutherland Dr,105 Sutherland Dr. - Shoppers Drug Mart,"Kingston, ON",K7K 5V6,2021-03-10,https://covid-19.ontario.ca/vaccine-locations
107 Edward St St,Shoppers Drug Mart,"Thomas, ON",N5P 1Y8,2021-04-02,https://covid-19.ontario.ca/vaccine-locations
1070 Innisfil Beach Rd Unit 14,Alcona Pharmacy,"Innisfil, ON",L9S 4T9,2021-03-29,https://covid-19.ontario.ca/vaccine-locations
1084 Wilson Ave,1084 Wilson Ave. - Shoppers Drug Mart,"Toronto, ON",M3K 1G6,2021-03-10,https://covid-19.ontario.ca/vaccine-locations
109 6th Ave,Wallace Drug Store,"Cochrane, ON",P0L 1C0,2021-03-29,https://covid-19.ontario.ca/vaccine-locations
109 Regina Ave Thunder,Dawson Heights Pharmacy,"Bay, ON",P7B 5B4,2021-03-29,https://covid-19.ontario.ca/vaccine-locations
1090 King St W,1090 King St. West - Shoppers Drug Mart,"Toronto, ON",M6K 0C7,2021-03-10,https://covid-19.ontario.ca/vaccine-locations
11 Arthur St N,Shoppers Drug Mart,"Elmira, ON",N3B 1Z4,2021-04-02,https://covid-19.ontario.ca/vaccine-locations
11 Newton Dr,Aria Pharmacy,"Toronto, ON",M2M 2M6,2021-03-10,https://web.archive.org/web/20210310100031/https://covid-19.ontario.ca/vaccine-locations/
11 Newton Dr N,Aria Pharmacy,"York, ON",M2M 2M6,2021-04-08,https://covid-19.ontario.ca/vaccine-locations
11 Redway Rd,11 Redway Road - Loblaw,"Toronto, ON",M4H 1P6,2021-03-10,https://covid-19.ontario.ca/vaccine-locations
11 Water St Unit B Port,Pharmacy Associates Of Port Perry,"Perry, ON",L9L 1H9,2021-03-29,https://covid-19.ontario.ca/vaccine-locations
1100 Princess St,1100 Princess Street - Loblaw,"Kingston, ON",K7L 5G8,2021-03-10,https://covid-19.ontario.ca/vaccine-locations
1108 Pembroke St E,Wal-Mart Pharmacy,"Pembroke, ON",K8A 7R4,2021-03-29,https://covid-19.ontario.ca/vaccine-locations
1115 Wilson Ave,1115 Wilson Avenue - Rexall,"Toronto, ON",M3M 1H2,2021-03-10,https://covid-19.ontario.ca/vaccine-locations
1119 Fennell Ave,Rexall,"Hamilton, ON",L8T 1S2,2021-03-29,https://covid-19.ontario.ca/vaccine-locations
1127 Markham Rd,1127 Markham Road - Rexall,"Scarborough, ON",M1H 2Y5,2021-03-29,https://covid-19.ontario.ca/vaccine-locations
1130 Midland Ave,1130 Midland Ave - Walmart,"Kingston, ON",K7P 2X9,2021-03-10,https://covid-19.ontario.ca/vaccine-locations
1145 Morningside Ave Unit 16,People's Choice Remedy's Rx,"Scarborough, ON",M1B 0A7,2021-03-29,https://covid-19.ontario.ca/vaccine-locations
1145 Morningside Ave Unit#16,People's Choice RemedysRx,"Scarborough, ON",M1B 0A7,2021-03-10,https://web.archive.org/web/20210310100031/https://covid-19.ontario.ca/vaccine-locations/
115 Dundas St Unit 1,Shoppers Drug Mart,"Cambridge, ON",N1R 5T8,2021-03-29,https://covid-19.ontario.ca/vaccine-locations
11500 Tecumseh Rd E,11500 Tecumseh Road East - Shoppers Drug Mart,"Windsor, ON",N8N 1L7,2021-03-10,https://covid-19.ontario.ca/vaccine-locations
1162 Division Rd,1162 Division Road - Loblaw,"Kingston, ON",K7K 0C3,2021-03-10,https://covid-19.ontario.ca/vaccine-locations
117 Centrepointe Dr,Centrepointe Gabriel Drugs,"Nepean, ON",K2G 5X3,2021-03-29,https://covid-19.ontario.ca/vaccine-locations
118 Hastings St N,Shoppers Drug Mart,"Bancroft, ON",K0L 1C0,2021-03-29,https://covid-19.ontario.ca/vaccine-locations
1185 Dundas St E,Dixie 5 Pharmacy,"Mississauga, ON",L4Y 2C6,2021-03-29,https://covid-19.ontario.ca/vaccine-locations
1187 Fischer Hallman Rd,Sobeys Pharmacy,"Kitchener, ON",N2E 4H9,2021-03-29,https://covid-19.ontario.ca/vaccine-locations
1187 Fischer Hallman Rd Unit 440,Williamsburg Pharmacy,"Kitchener, ON",N2E 4H9,2021-03-29,https://covid-19.ontario.ca/vaccine-locations
11965 Hurontario St,11965 Hurontario Street - Shoppers Drug Mart,"Brampton, ON",L6Z 4P7,2021-03-29,https://covid-19.ontario.ca/vaccine-locations
120 Adelaide St W Unit # R28,120 Adelaide Street W. - Rexall,"Toronto, ON",M5H 1T1,2021-03-10,https://web.archive.org/web/20210310100031/https://covid-19.ontario.ca/vaccine-locations/
120 Adelaide St W Unit R28,Rexall,"Toronto, ON",M5H 1T1,2021-03-29,https://covid-19.ontario.ca/vaccine-locations
1201 Division St,1201 Division St. - Shoppers Drug Mart,"Kingston, ON",K7K 6X4,2021-03-10,https://covid-19.ontario.ca/vaccine-locations
12035 Hwy #17 Sturgeon,Loblaw Pharmacy,"Falls, ON",P2B 2S6,2021-03-29,https://covid-19.ontario.ca/vaccine-locations
1207 Hurontario St,Carl's IDA Pharmacy,"Mississauga, ON",L5G 3H2,2021-03-29,https://covid-19.ontario.ca/vaccine-locations
121 High St,Sutton Apothecary,"Sutton, ON",L0E 1R0,2021-03-29,https://covid-19.ontario.ca/vaccine-locations
1210 Erie St E,Medica Pharmacy,"Windsor, ON",N9A 3Z5,2021-03-10,https://covid-19.ontario.ca/vaccine-locations
1215 Ouellette Ave,1215 Ouellette Avenue - Rexall,"Windsor, ON",N8X 1J3,2021-03-10,https://covid-19.ontario.ca/vaccine-locations
1221 Bloor St E,Apple-Hills Medical Pharmacy,"Mississauga, ON",L4Y 2N8,2021-03-29,https://covid-19.ontario.ca/vaccine-locations
1225 Brant St,Costco Pharmacy,"Burlington, ON",L7P 1X7,2021-03-29,https://covid-19.ontario.ca/vaccine-locations
123 Main St,Rexall,"Erin, ON",N0B 1T0,2021-03-29,https://covid-19.ontario.ca/vaccine-locations
123 Pioneer Dr,Shoppers Drug Mart,"Kitchener, ON",N2P 2A3,2021-03-29,https://covid-19.ontario.ca/vaccine-locations
123 Rexdale Blvd,123 Rexdale Boulevard - Shoppers Drug Mart,"Etobicoke, ON",M9W 1P1,2021-03-10,https://covid-19.ontario.ca/vaccine-locations
1235 McCowan Rd,Shoppers Drug Mart,"Scarborough, ON",M1H 3K3,2021-03-29,https://covid-19.ontario.ca/vaccine-locations
1235 Mccowan Rd,1235 Mccowan Rd. - Shoppers Drug Mart,"Scarborough, ON",M1H 3K3,2021-03-10,https://web.archive.org/web/20210310100031/https://covid-19.ontario.ca/vaccine-locations/
1235 Wilson Ave,Rexall,"Toronto, ON",M3M 0B2,2021-03-29,https://covid-19.ontario.ca/vaccine-locations
12357 Hwy 41,Tobia's Guardian Pharmacy,"Northbrook, ON",K0H 2G0,2021-03-10,https://covid-19.ontario.ca/vaccine-locations
1240 Eglinton Ave W Unit B7,Rexall,"Mississauga, ON",L5V 1N3,2021-03-29,https://covid-19.ontario.ca/vaccine-locations
1243 Islington Ave,Islington Medical Pharmacy,"Toronto, ON",M8X 1Y9,2021-03-10,https://covid-19.ontario.ca/vaccine-locations
1245 Dupont St,1245 Dupont Street - Rexall,"Toronto, ON",M6H 2A6,2021-03-10,https://covid-19.ontario.ca/vaccine-locations
125 The Queensway,125 The Queensway - Shoppers Drug Mart,"Etobicoke, ON",M8Y 1H6,2021-03-10,https://covid-19.ontario.ca/vaccine-locations
1250 S Service Rd,Drug Store Pharmacy,"Mississauga, ON",L5E 1V4,2021-03-29,https://covid-19.ontario.ca/vaccine-locations
1255 THE Queensway Unit 20,Kipling & Queensway Pharmacy ,"Etobicoke, ON",M8Z 1S1,2021-03-10,https://web.archive.org/web/20210310100031/https://covid-19.ontario.ca/vaccine-locations/
1255 The Queensway Unit 20,Kipling & Queensway Pharmacy,"Etobicoke, ON",M8Z 1S1,2021-03-29,https://covid-19.ontario.ca/vaccine-locations
1264 Garrison Rd Unit 5 Fort,Crescent Park Pharmacy,"Erie, ON",L2A 1P1,2021-03-29,https://covid-19.ontario.ca/vaccine-locations
1270 Walker Rd,1270 Walker Rd. - Shoppers Drug Mart,"Windsor, ON",N8Y 4T4,2021-03-10,https://covid-19.ontario.ca/vaccine-locations
1275 Finch Ave W,Keele and Finch Pharmacy - Pharmasave,"Toronto, ON",M3J 2G5,2021-03-10,https://covid-19.ontario.ca/vaccine-locations
1275 Walker Rd,Novacare Pharmacy,"Windsor, ON",N8Y 4X9,2021-03-10,https://covid-19.ontario.ca/vaccine-locations
1280 Finch Ave W,Nor-Arm Pharmacy,"Toronto, ON",M3J3K6,2021-03-10,https://web.archive.org/web/20210310100031/https://covid-19.ontario.ca/vaccine-locations/
1280 Finch Ave W Unit 107,Nor-Arm Pharmacy,"Toronto, ON",M3J 3K6,2021-03-29,https://covid-19.ontario.ca/vaccine-locations
1280 Steeles Ave E,Wal-Mart Pharmacy,"Milton, ON",L9T 6R1,2021-03-29,https://covid-19.ontario.ca/vaccine-locations
129 Dundas St E,129 Dundas Street East - Metro Drugs,"Toronto, ON",M5B 2N6,2021-03-10,https://covid-19.ontario.ca/vaccine-locations
1292 Won Rd,Weston Jane Pharmacy,"Toronto, ON",M6M 4R3,2021-03-29,https://covid-19.ontario.ca/vaccine-locations
1292 Won rd,Weston Jane Pharmacy,"Toronto, ON",M6M 4R3,2021-03-10,https://web.archive.org/web/20210310100031/https://covid-19.ontario.ca/vaccine-locations/
130 Ritson Rd,Costco Pharmacy,"Oshawa, ON",L1G 0A6,2021-03-29,https://covid-19.ontario.ca/vaccine-locations
1300 Garth St,Shoppers Drug Mart,"Hamilton, ON",L9C 4L7,2021-03-29,https://covid-19.ontario.ca/vaccine-locations
1305 Lawrence Ave W,Wal-Mart Pharmacy,"Toronto, ON",M6L 1A5,2021-03-29,https://covid-19.ontario.ca/vaccine-locations
13070 Yonge St Richmond,Shoppers Drug Mart,"Hill, ON",L4E 2T2,2021-03-29,https://covid-19.ontario.ca/vaccine-locations
1314 Victoria Park Ave,Victoria Park Pharmacy,"Toronto, ON",M4B 2L4,2021-03-10,https://covid-19.ontario.ca/vaccine-locations
1329 Windsor Ave,Windsor Avenue Pharmacy,"Windsor, ON",N8X 3L8,2021-03-10,https://covid-19.ontario.ca/vaccine-locations
133 Hwy #11 & Grant Rd New,Wal-Mart Pharmacy,"Liskeard, ON",P0J 1P0,2021-03-29,https://covid-19.ontario.ca/vaccine-locations
133 King St W,Shoppers Drug Mart,"Dundas, ON",L9H 1V3,2021-03-29,https://covid-19.ontario.ca/vaccine-locations
1330 S Service Rd Stoney,Costco Pharmacy,"Creek, ON",L8E 5C5,2021-03-29,https://covid-19.ontario.ca/vaccine-locations
1333 Neilson Rd Unit 110,Medical Pharmacy,"Scarborough, ON",M1B 4Y9,2021-03-29,https://covid-19.ontario.ca/vaccine-locations
135 First Commerce Dr,Wal-Mart Pharmacy,"Aurora, ON",L4G 0G2,2021-03-29,https://covid-19.ontario.ca/vaccine-locations
135 Regional Rd 24 Unit 14,Walden Family Drugstore,"Lively, ON",P3Y 1J1,2021-03-29,https://covid-19.ontario.ca/vaccine-locations
136 Orton Park Rd,Orton Park Guardian Pharmacy,"Scarborough, ON",M1G 3H1,2021-03-10,https://covid-19.ontario.ca/vaccine-locations
136 Princess St,136 Princess St. - Shoppers Drug Mart,"Kingston, ON",K7L 1A7,2021-03-10,https://covid-19.ontario.ca/vaccine-locations
137 Roncesvalles Ave,Welcome Guardian Drugs (Roncesvalles),"Toronto, ON",M6R 2L2,2021-03-10,https://covid-19.ontario.ca/vaccine-locations
1383 16th Ave Unit 1A Richmond,Atlas Pharmacy,"Hill, ON",L4B 0E2,2021-03-29,https://covid-19.ontario.ca/vaccine-locations
1395 Upper Ottawa St,Rexall,"Hamilton, ON",L8W 3L5,2021-03-29,https://covid-19.ontario.ca/vaccine-locations
140 Broad St E,Hausers Pharmacy,"Dunnville, ON",N1A 1E9,2021-03-29,https://covid-19.ontario.ca/vaccine-locations
140 Holland St W,Shoppers Drug Mart,"Bradford, ON",L3Z 1R7,2021-03-29,https://covid-19.ontario.ca/vaccine-locations
140 La Rose Ave,La Rose Pharmacy,"Weston, ON",M9P 1B2,2021-03-29,https://covid-19.ontario.ca/vaccine-locations
140 Scott St Fort,Pharmasave Fort Frances,"Frances, ON",P9A 1G6,2021-03-29,https://covid-19.ontario.ca/vaccine-locations
1400 Dupont St,1400 Dupont Street - Shoppers Drug Mart,"Toronto, ON",M6H 2B2,2021-03-29,https://covid-19.ontario.ca/vaccine-locations
1400 Neilson Rd,1400 Neilson Rd. - Shoppers Drug Mart,"Scarborough, ON",M1B 0C2,2021-03-10,https://covid-19.ontario.ca/vaccine-locations
1405 Blair Towers Place,Costco Pharmacy,"Gloucester, ON",K1J 1A5,2021-03-29,https://covid-19.ontario.ca/vaccine-locations
1405 Ottawa St N,Food Basics Pharmacy,"Kitchener, ON",N2A 1H3,2021-03-29,https://covid-19.ontario.ca/vaccine-locations
1405 Ottawa St N Unit 16,Rexall,"Kitchener, ON",N2A 3Z1,2021-03-29,https://covid-19.ontario.ca/vaccine-locations
1411 Warden Ave,1411 Warden Ave - Costco,"Scarborough, ON",M1R 2S3,2021-03-10,https://covid-19.ontario.ca/vaccine-locations
142 Progress Crescent,Rexall,"Kapuskasing, ON",P5N 3H6,2021-03-29,https://covid-19.ontario.ca/vaccine-locations
1421 Grand Marais Rd W Unit 100,1421 Grand Marais Rd. West - Shoppers Drug Mart,"Windsor, ON",N9E 4V1,2021-03-10,https://covid-19.ontario.ca/vaccine-locations
1428 Hwy 2,Shoppers Drug Mart,"Courtice, ON",L1E 2J5,2021-03-29,https://covid-19.ontario.ca/vaccine-locations
1430 Major Mackenzie Dr E Richmond,Freshco Pharmacy,"Hill, ON",L4S 0A1,2021-03-29,https://covid-19.ontario.ca/vaccine-locations
144 Griffin St,Rx Drug Mart,"Smithville, ON",L0R 2A0,2021-03-29,https://covid-19.ontario.ca/vaccine-locations
145 Hamilton St N Unit 4,Waterdown Pharmacy,"Waterdown, ON",L8B 0Y7,2021-03-29,https://covid-19.ontario.ca/vaccine-locations
145 Marlee Ave,145 Marlee Avenue - Sobeys,"Toronto, ON",M6B 3H3,2021-03-10,https://covid-19.ontario.ca/vaccine-locations
1450 Block Line Rd Unit 201,Cook's Pharmacy,"Kitchener, ON",N2C 0A5,2021-03-29,https://covid-19.ontario.ca/vaccine-locations
1450 LAWRENCE AVE E,1450 Lawrence Ave East - Nofrills,"Scarborough, ON",M4A 2S8,2021-03-10,https://web.archive.org/web/20210310100031/https://covid-19.ontario.ca/vaccine-locations/
1450 Lawrence Ave E,Nofrills,"Scarborough, ON",M4A 2S8,2021-03-29,https://covid-19.ontario.ca/vaccine-locations
14729 Yonge St,Shoppers Drug Mart,"Aurora, ON",L4G 1N1,2021-03-29,https://covid-19.ontario.ca/vaccine-locations
1473 Queen St W,1473 Queen St. West - Shoppers Drug Mart,"Toronto, ON",M6R 1A1,2021-03-10,https://covid-19.ontario.ca/vaccine-locations
149 Wmount Dr N,Shoppers Drug Mart,"Orillia, ON",L3V 6C7,2021-03-29,https://covid-19.ontario.ca/vaccine-locations
149 Young St,Rexall,"Alliston, ON",L9R 2A9,2021-03-29,https://covid-19.ontario.ca/vaccine-locations
15 Sherwood Ave,15 Sherwood Ave. - Shoppers Drug Mart,"Amherstview, ON",K7N 1N1,2021-03-10,https://covid-19.ontario.ca/vaccine-locations
15 Wney Rd N,15 Westney Road North - Shoppers Drug Mart,"Ajax, ON",L1T 1P4,2021-03-29,https://covid-19.ontario.ca/vaccine-locations
15 York St,Morelli's Pharmacy,"Toronto, ON",M5J 0A3,2021-03-29,https://covid-19.ontario.ca/vaccine-locations
150 Kingston Rd E,Costco Pharmacy,"Ajax, ON",L1Z 1E5,2021-03-29,https://covid-19.ontario.ca/vaccine-locations
1500 Ave Rd,1500 Avenue Road  - Shoppers Drug Mart,"Toronto, ON",M5M 3X2,2021-03-10,https://covid-19.ontario.ca/vaccine-locations
1500 Dundas St E,1500 Dundas St. East - Walmart,"Mississauga, ON",L4X 1L4,2021-03-29,https://covid-19.ontario.ca/vaccine-locations
1500 Fisher St N,Wal-Mart Pharmacy,"Bay, ON",P1B 2H3,2021-03-29,https://covid-19.ontario.ca/vaccine-locations
1500 Woodbine Ave,1500 Woodbine Ave. - Shoppers Drug Mart,"Toronto, ON",M4C 4G9,2021-03-10,https://covid-19.ontario.ca/vaccine-locations
1507 Yonge St,1507 Yonge St. - Shoppers Drug Mart,"Toronto, ON",M4T 1Z2,2021-03-10,https://covid-19.ontario.ca/vaccine-locations
1515 Rebecca St,Shoppers Drug Mart,"Oakville, ON",L6L 5H8,2021-03-29,https://covid-19.ontario.ca/vaccine-locations
1515 Steeles Ave E,Shoppers Drug Mart,"Toronto, ON",M2M 3Y7,2021-03-29,https://covid-19.ontario.ca/vaccine-locations
152 Carlton St,Greendale Drugs,"Toronto, ON",M5A 2K1,2021-03-10,https://covid-19.ontario.ca/vaccine-locations
1530 Albion Rd,Drug Store Pharmacy,"Etobicoke, ON",M9V 1B4,2021-03-29,https://covid-19.ontario.ca/vaccine-locations
1533 Jane St,Shoppers Drug Mart,"Toronto, ON",M9N 2R2,2021-03-29,https://covid-19.ontario.ca/vaccine-locations
1550 Huron Church Rd,Westside Pharmacy Pharmasave,"Windsor, ON",N9C 3Z3,2021-03-29,https://covid-19.ontario.ca/vaccine-locations
1550 Huron church road,Westside Pharmacy Pharmasave,"Windsor, ON",N9C 3Z3,2021-03-10,https://web.archive.org/web/20210310100031/https://covid-19.ontario.ca/vaccine-locations/
1571 Sandhurst Circle,1571 Sandhurst Circle - Shoppers Drug Mart,"Scarborough, ON",M1V 1V2,2021-03-10,https://covid-19.ontario.ca/vaccine-locations
1575 Jane St Unit 7 N,Whole Health Pharmacy,"York, ON",M9N 2R3,2021-03-10,https://covid-19.ontario.ca/vaccine-locations
1585 Mississauga Valley Blvd,Shoppers Drug Mart,"Mississauga, ON",L5A 3W9,2021-03-29,https://covid-19.ontario.ca/vaccine-locations
15900 Bayview Ave,Loblaw Pharmacy,"Aurora, ON",L4G 7Y3,2021-03-29,https://covid-19.ontario.ca/vaccine-locations
15955 Airport Rd Unit 102,Pharmasave,"Caledon, ON",L7C 1H9,2021-03-29,https://covid-19.ontario.ca/vaccine-locations
1597 Wilson Ave N,Shoppers Drug Mart,"York, ON",M3L 1A5,2021-03-29,https://covid-19.ontario.ca/vaccine-locations
16 Grand Rd,Rx Drug Mart,"Campbellford, ON",K0L 1L0,2021-03-29,https://covid-19.ontario.ca/vaccine-locations
16 Queen St W,Whitfield Guardian,"Elmvale, ON",L0L 1P0,2021-04-02,https://covid-19.ontario.ca/vaccine-locations
160 Kortright Rd W,Drugstore Pharmacy,"Guelph, ON",N1G 4W2,2021-03-29,https://covid-19.ontario.ca/vaccine-locations
160 Main St S,160 Main Street South - Shoppers Drug Mart,"Brampton, ON",L6W 2E1,2021-03-29,https://covid-19.ontario.ca/vaccine-locations
160 Queensway E,Wal-Mart Pharmacy,"Simcoe, ON",N3Y 0A8,2021-03-29,https://covid-19.ontario.ca/vaccine-locations
1601 Bayview Ave E,1601 Bayview Avenue - Shoppers Drug Mart,"York, ON",M4G 3B5,2021-03-10,https://covid-19.ontario.ca/vaccine-locations
1609 Stittsville Main St Unit C,Stittsville Whole Health Pharmacy,"Ottawa, ON",K2S 1B8,2021-03-29,https://covid-19.ontario.ca/vaccine-locations
1615 Orleans Blvd,1615 Orleans Boulevard -  Rexall,"Orleans, ON",K1C 7E2,2021-03-29,https://covid-19.ontario.ca/vaccine-locations
1619 Orleans Blvd,The Drug Store Pharmacy,"Gloucester, ON",K1C 7E2,2021-03-29,https://covid-19.ontario.ca/vaccine-locations
1630 Danforth Ave,1630 Danforth Avenue - Shoppers Drug Mart,"Toronto, ON",M4C 1H6,2021-03-11,https://covid-19.ontario.ca/vaccine-locations
1646 Victoria Park Ave Unit 7,Main Drug Mart,"Toronto, ON",M1R 1P7,2021-03-10,https://covid-19.ontario.ca/vaccine-locations
165 N Queen St,Wal-Mart Pharmacy,"Etobicoke, ON",M9C 1A7,2021-03-29,https://covid-19.ontario.ca/vaccine-locations
165 Wellington St W,Shoppers Drug Mart,"Barrie, ON",L4N 1L7,2021-03-29,https://covid-19.ontario.ca/vaccine-locations
166 Brock St,Lovell Drugs,"Kingston, ON",K7L 3E2,2021-03-10,https://web.archive.org/web/20210310100031/https://covid-19.ontario.ca/vaccine-locations/
166 Brock St  Saturday and Sunday hours available as needed,Lovell Drugs,"Kingston, ON",K7L 3E2,2021-03-29,https://covid-19.ontario.ca/vaccine-locations
1675 Wyandotte St W,1675 Wyandotte St. West - Shoppers Drug Mart,"Windsor, ON",N9B 1H8,2021-03-10,https://covid-19.ontario.ca/vaccine-locations
16900 Yonge St,Rexall,"Newmarket, ON",L3Y 0A3,2021-03-29,https://covid-19.ontario.ca/vaccine-locations
17 Leslie St,17 Leslie Street - Loblaw,"Toronto, ON",M4M 3H9,2021-03-10,https://covid-19.ontario.ca/vaccine-locations
17 St Johns Rd,Junction Chemist Pharmacy,"Toronto, ON",M6P 1T7,2021-03-10,https://covid-19.ontario.ca/vaccine-locations
170 The Donway W Unit 113,Healing Arts Pharmacy,"Toronto, ON",M3C 2J2,2021-03-29,https://covid-19.ontario.ca/vaccine-locations
1700 King Rd Unit 27 King,King City Guardian Drugs,"City, ON",L7B 0N1,2021-03-29,https://covid-19.ontario.ca/vaccine-locations
171 Guelph St,Loblaw Pharmacy,"Georgetown, ON",L7G 4A1,2021-03-29,https://covid-19.ontario.ca/vaccine-locations
1725 Walkley Rd Unit C,Rexall,"Ottawa, ON",K1V 2P6,2021-03-29,https://covid-19.ontario.ca/vaccine-locations
175 First St,Shoppers Drug Mart,"Collingwood, ON",L9Y 1A5,2021-03-29,https://covid-19.ontario.ca/vaccine-locations
1751 Eglinton Ave W,Northcliffe Pharmacy,"Toronto, ON",M6E 2H7,2021-03-10,https://covid-19.ontario.ca/vaccine-locations
1760 Huron Church Rd,1760 Huron Church Road - Shoppers Drug Mart,"Windsor, ON",N9C 2L4,2021-03-10,https://covid-19.ontario.ca/vaccine-locations
1765 Sprucewood Unit 250,Rob's Whole Health Pharmacy,"LaSalle, ON",N9J 1X7,2021-03-10,https://covid-19.ontario.ca/vaccine-locations
1780 Markham Rd,1780 Markham Road - Shoppers Drug Mart,"Scarborough, ON",M1B 2W2,2021-03-10,https://covid-19.ontario.ca/vaccine-locations
1795 Kilborn Ave,Pharmasave Cyril Pharmacy,"Ottawa, ON",K1H 6N1,2021-03-29,https://covid-19.ontario.ca/vaccine-locations
18 Jarvis St,18 Jarvis St. - Shoppers Drug Mart,"Toronto, ON",M5E 1N1,2021-03-10,https://covid-19.ontario.ca/vaccine-locations
180 Brock St,Gravenhurst IDA Pharmacy,"Gravenhurst, ON",P1P 1X2,2021-03-29,https://covid-19.ontario.ca/vaccine-locations
180 Danforth Ave,180 Danforth Ave. - Shoppers Drug Mart,"Toronto, ON",M4K 1N1,2021-03-10,https://covid-19.ontario.ca/vaccine-locations
1800 Sheppard Ave E,1800 Sheppard Ave. East - Shoppers Drug Mart,"Willowdale, ON",M2J 5A7,2021-03-10,https://covid-19.ontario.ca/vaccine-locations
1801 Dundas St E,1801 Dundas St. East - Shoppers Drug Mart,"Whitby, ON",L1N 7C5,2021-03-29,https://covid-19.ontario.ca/vaccine-locations
181 Bay St,181 Bay Street - Shoppers Drug Mart,"Toronto, ON",M5J 2T3,2021-03-10,https://covid-19.ontario.ca/vaccine-locations
18120 Yonge St,Loblaw Pharmacy,"Newmarket, ON",L3Y 8V1,2021-03-29,https://covid-19.ontario.ca/vaccine-locations
18182 Yonge St E,Costco Pharmacy,"Gwillimbury, ON",L9N 0J3,2021-03-29,https://covid-19.ontario.ca/vaccine-locations
1840 Eglinton Ave W,1840 Eglinton Avenue West - Shoppers Drug Mart,"Toronto, ON",M6E 2J4,2021-03-10,https://covid-19.ontario.ca/vaccine-locations
1859 Leslie St,1859 Leslie St. - Shoppers Drug Mart,"Toronto, ON",M3B 2M1,2021-03-10,https://covid-19.ontario.ca/vaccine-locations
186 Talbot St S,Brady's Drug Store,"Essex, ON",N8M 1B6,2021-03-10,https://covid-19.ontario.ca/vaccine-locations
1860 Bayview Ave Unit 101,1860 Bayview Avenue  - Shoppers Drug Mart,"Toronto, ON",M4G 0C3,2021-03-10,https://covid-19.ontario.ca/vaccine-locations
1875 Bath Rd,1875 Bath Rd. - Shoppers Drug Mart,"Kingston, ON",K7M 4Y3,2021-03-10,https://covid-19.ontario.ca/vaccine-locations
1881 Yonge St,Welcome Guardian Pharmacy,"Toronto, ON",M4S 3C4,2021-03-29,https://covid-19.ontario.ca/vaccine-locations
1882 Niagara Stone Rd,Simpson's Pharmacy,"Virgil, ON",L0S 1T0,2021-03-29,https://covid-19.ontario.ca/vaccine-locations
1893 Scugog St Port,Port Perry Remedy's Rx,"Perry, ON",L9L 1H9,2021-03-29,https://covid-19.ontario.ca/vaccine-locations
19 Amy Croft Dr,19 Amy Croft Drive - Sobeys,"Lakeshore, ON",N9K 1C7,2021-03-10,https://covid-19.ontario.ca/vaccine-locations
19 Elmira Rd S,Costco Pharmacy,"Guelph, ON",N1K 0B6,2021-03-29,https://covid-19.ontario.ca/vaccine-locations
19 King St Unit 1,Ingersoll Pharmasave,"Ingersoll, ON",N5C 1G3,2021-03-29,https://covid-19.ontario.ca/vaccine-locations
19 King St W,Forest Pharmacy,"Forest, ON",N0N 1J0,2021-03-29,https://covid-19.ontario.ca/vaccine-locations
190 Chisholm St Belle,Bradys Drug Store Belle River,"River, ON",N0R 1A0,2021-03-11,https://covid-19.ontario.ca/vaccine-locations
190 chisholm st Belle N0R 1a0,Bradys Drug Store Belle River,"River, ON",N0R 1A0,2021-03-10,https://web.archive.org/web/20210310100031/https://covid-19.ontario.ca/vaccine-locations/
1900 Dixie Rd,Rexall,"Pickering, ON",L1V 6M4,2021-03-29,https://covid-19.ontario.ca/vaccine-locations
1900 Eglinton Ave E,1900 Eglinton Ave East - Walmart,"Scarborough, ON",M1L 2L9,2021-03-10,https://covid-19.ontario.ca/vaccine-locations
1900 Mosley St Unit 4 Wasaga,Shoppers Drug Mart,"Beach, ON",L9Z 1Z3,2021-03-29,https://covid-19.ontario.ca/vaccine-locations
1901 Won Rd,Pharmasave Eagle Manor,"Toronto, ON",M9N 3P5,2021-04-02,https://covid-19.ontario.ca/vaccine-locations
191 Main St,Robins Pharmacy,"Newmarket, ON",L3Y 4X1,2021-03-29,https://covid-19.ontario.ca/vaccine-locations
1920 Yonge St,Sam's I.D.A. Pharmacy,"Toronto, ON",M4S 3E2,2021-03-10,https://covid-19.ontario.ca/vaccine-locations
1935 Sheppard Ave W,Pharma Trust Drug Mart,"Downsview, ON",M3L 1Y8,2021-04-02,https://covid-19.ontario.ca/vaccine-locations
1937 Portobello Blvd,1937 Portobello Boulevard - Shoppers Drug Mart,"Orleans, ON",K4A 4W9,2021-03-29,https://covid-19.ontario.ca/vaccine-locations
1938 Bloor St W,High Park,"Toronto, ON",M6P 3K8,2021-03-10,https://covid-19.ontario.ca/vaccine-locations
1942 Parkdale Ave,Wal-Mart Pharmacy,"Brockville, ON",K6V 7N4,2021-03-29,https://covid-19.ontario.ca/vaccine-locations
1967 Queen St E,Beaches Pharmacy,"Toronto, ON",M4L 1H9,2021-03-10,https://covid-19.ontario.ca/vaccine-locations
197 Albert St S Unit 3,Kristen's Pharmacy,"Southampton, ON",N0H 2L0,2021-03-29,https://covid-19.ontario.ca/vaccine-locations
1975 Ave Rd,Canada Chemists,"Toronto, ON",M5M 4A3,2021-03-29,https://covid-19.ontario.ca/vaccine-locations
1980 Baseline Rd,Loblaw Pharmacy,"Nepean, ON",K2C 0C6,2021-03-29,https://covid-19.ontario.ca/vaccine-locations
1980 Ogilvie Rd Unit 171,Wal-Mart Pharmacy,"Gloucester, ON",K1J 9L3,2021-03-29,https://covid-19.ontario.ca/vaccine-locations
199 Bay St Unit C186,Rexall,"Toronto, ON",M5L 1E7,2021-03-29,https://covid-19.ontario.ca/vaccine-locations
199 Bay St Unit C186 PO Box 197,199 Bay Street - Rexall,"Toronto, ON",M5L 1E7,2021-03-10,https://web.archive.org/web/20210310100031/https://covid-19.ontario.ca/vaccine-locations/
199 Sandwich St S,199 Sandwich St. South - Shoppers Drug Mart,"Amherstburg, ON",N9V 1Z9,2021-03-10,https://covid-19.ontario.ca/vaccine-locations
1997 Bloor St W,Mortar + Pestle Compounding Pharmacy,"Toronto, ON",M6S 1M4,2021-03-10,https://covid-19.ontario.ca/vaccine-locations
2 Antrim Crescent Unit 4,Kennedy Road Pharmacy,"Scarborough, ON",M1P 2N3,2021-03-10,https://covid-19.ontario.ca/vaccine-locations
2 Elgin Park Dr Unit C,Rexall,"Uxbridge, ON",L9P 0B1,2021-03-29,https://covid-19.ontario.ca/vaccine-locations
2 Main St S,Pharmasave Michael's Pharmacy,"Bayfield, ON",N0M 1G0,2021-03-29,https://covid-19.ontario.ca/vaccine-locations
2 St Clair Ave E Unit C001,Rexall,"Toronto, ON",M4T 2T5,2021-03-29,https://covid-19.ontario.ca/vaccine-locations
2 StClair Ave E Unit C001,2 St.Clair Avenue East - Rexakk,"Toronto, ON",M4T 2T5,2021-03-10,https://web.archive.org/web/20210310100031/https://covid-19.ontario.ca/vaccine-locations/
2 Thorncliffe Park Dr Unit 26-27 E,I CARE Pharmacy Services,"York, ON",M4H 1H2,2021-03-10,https://covid-19.ontario.ca/vaccine-locations
20 Bloor St E,20 Bloor St. East - Shoppers Drug Mart,"Toronto, ON",M4W 3G7,2021-03-10,https://covid-19.ontario.ca/vaccine-locations
20 Davis Dr,Shoppers Drug Mart,"Newmarket, ON",L3Y 2M7,2021-03-29,https://covid-19.ontario.ca/vaccine-locations
20 Warren Ave,20 Warren Ave. - Shoppers Drug Mart,"Oshawa, ON",L1J 0A1,2021-03-29,https://covid-19.ontario.ca/vaccine-locations
200 Bay St,200 Bay St. - Shoppers Drug Mart,"Toronto, ON",M5J 2J3,2021-03-10,https://covid-19.ontario.ca/vaccine-locations
200 Catharine St Port,Boggio Pharmacy Ltd,"Colborne, ON",L3K 4K8,2021-03-29,https://covid-19.ontario.ca/vaccine-locations
200 Front St E,200 Front Street East - Loblaw,"Toronto, ON",M5A 4T9,2021-03-10,https://covid-19.ontario.ca/vaccine-locations
200 Grant Carman Dr,Loblaw Pharmacy,"Nepean, ON",K2E 7Z8,2021-03-29,https://covid-19.ontario.ca/vaccine-locations
200 Speers Blvd,Loyalist Pharmacy - Pharmasave,"Amherstview, ON",K7N 1Y7,2021-03-10,https://covid-19.ontario.ca/vaccine-locations
200 Wellington St W Unit 200,Rexall,"Toronto, ON",M5V 3C7,2021-03-29,https://covid-19.ontario.ca/vaccine-locations
200 Wellington St W Unit 200 PO Box 101,200 Wellington Street West - Rexall,"Toronto, ON",M5V 3C7,2021-03-10,https://web.archive.org/web/20210310100031/https://covid-19.ontario.ca/vaccine-locations/
2000 Queen St E,2000 Queen St. East - Shoppers Drug Mart,"Toronto, ON",M4L 1J2,2021-03-10,https://covid-19.ontario.ca/vaccine-locations
201 Georgian Dr,Purehealth Pharmacy,"Barrie, ON",L4M 6M2,2021-03-29,https://covid-19.ontario.ca/vaccine-locations
201 Talbot St E,201 Talbot St. East - Loblaw,"Leamington, ON",N8H 3X5,2021-03-10,https://covid-19.ontario.ca/vaccine-locations
2015 Long Lake Rd,Shoppers Drug Mart,"Sudbury, ON",P3E 4M8,2021-03-29,https://covid-19.ontario.ca/vaccine-locations
2040 Victoria Park Ave,Cassandra Pharmacy,"Toronto, ON",M1R 1V2,2021-03-29,https://covid-19.ontario.ca/vaccine-locations
2047 Ave Rd,2047 Avenue Road  - Shoppers Drug Mart,"Toronto, ON",M5M 4A7,2021-03-10,https://covid-19.ontario.ca/vaccine-locations
2047 Mount Forest Dr,Mount Royal Pharmacy Ltd,"Burlington, ON",L7P 1H4,2021-03-29,https://covid-19.ontario.ca/vaccine-locations
2077 Won Rd,Friendly Care West King Pharmacy,"Toronto, ON",M9N 1X7,2021-03-10,https://covid-19.ontario.ca/vaccine-locations
2109 Ottawa St,2109 Ottawa St. - Shoppers Drug Mart,"Windsor, ON",N8Y 1R8,2021-03-10,https://covid-19.ontario.ca/vaccine-locations
2110 Rymal Rd E,2110 Rymal Road East - Shoppers Drug Mart,"Hamilton, ON",L0R 1P0,2021-03-29,https://covid-19.ontario.ca/vaccine-locations
2125 Front Rd,2125 Front Rd. - Shoppers Drug Mart,"LaSalle, ON",N9J 2C1,2021-03-10,https://covid-19.ontario.ca/vaccine-locations
2167 Victoria Park Ave Unit 3,Health Corner Pharmacy,"Scarborough, ON",M1R 1V5,2021-03-29,https://covid-19.ontario.ca/vaccine-locations
22 Baskin Dr E,Rexall,"Arnprior, ON",K7S 3G8,2021-03-29,https://covid-19.ontario.ca/vaccine-locations
22 Pinebush Rd,Wal-Mart Pharmacy,"Cambridge, ON",N1R 8A9,2021-03-29,https://covid-19.ontario.ca/vaccine-locations
220 Main St Unit 1,Bath Family Pharmacy,"Bath, ON",K0H 1G0,2021-03-10,https://covid-19.ontario.ca/vaccine-locations
220 Ontario Ave Elliot,Shoppers Drug Mart,"Lake, ON",P5A 1Y5,2021-03-29,https://covid-19.ontario.ca/vaccine-locations
220 Royal York Rd,The Drugstore Pharmcy,"Etobicoke, ON",M8V 2V7,2021-03-29,https://covid-19.ontario.ca/vaccine-locations
2200 Brock Rd Unit 15,Superseven Pharmacy,"Pickering, ON",L1X 2R2,2021-03-29,https://covid-19.ontario.ca/vaccine-locations
2201 Brant St,Rexall,"Burlington, ON",L7P 3N8,2021-03-29,https://covid-19.ontario.ca/vaccine-locations
2202 Jane St,Wal-Mart Pharmacy,"Toronto, ON",M3M 1A4,2021-03-29,https://covid-19.ontario.ca/vaccine-locations
2206 Lake Shore Blvd W,2206 Lake Shore Boulevard. - Shoppers Drug Mart,"Etobicoke, ON",M8V 1A4,2021-03-10,https://covid-19.ontario.ca/vaccine-locations
2209 Bloor St W,Healing Source Pharmacy,"Toronto, ON",M6S 1N5,2021-03-10,https://covid-19.ontario.ca/vaccine-locations
221 Glendale Ave St,Loblaw Pharmacy,"Catharines, ON",L2T 2K9,2021-03-29,https://covid-19.ontario.ca/vaccine-locations
222 Lansdowne Ave,222 Lansdowne Avenue - Loblaw,"Toronto, ON",M6K 3C6,2021-03-10,https://covid-19.ontario.ca/vaccine-locations
2221 Keele St,Keele-Ingram Pharmacy,"Toronto, ON",M6M 3Z5,2021-03-10,https://covid-19.ontario.ca/vaccine-locations
2223 Bloor St W,2223 Bloor Street West - Shoppers Drug Mart,"Toronto, ON",M6S 1N7,2021-03-10,https://covid-19.ontario.ca/vaccine-locations
2225 Erin Mills Parkway,Shoppers Drug Mart,"Mississauga, ON",L5K 1T9,2021-03-29,https://covid-19.ontario.ca/vaccine-locations
2245 Islington Ave,Wal-Mart Pharmacy,"Toronto, ON",M9W 3W7,2021-03-29,https://covid-19.ontario.ca/vaccine-locations
2251 Lawrence Ave E,2251 Lawrence Ave East - Shoppers Drug Mart,"Scarborough, ON",M1P 2P5,2021-03-10,https://covid-19.ontario.ca/vaccine-locations
2266 Major Mackenzie Dr,Shoppers Drug Mart,"Maple, ON",L6A 3Y7,2021-03-29,https://covid-19.ontario.ca/vaccine-locations
2280 Dundas St W,Loblaws,"Toronto, ON",M6R1X4,2021-03-29,https://covid-19.ontario.ca/vaccine-locations
2280 Dundas Steet W,2280 Dundas Street West - Loblaw,"Toronto, ON",M6R1X4,2021-03-10,https://web.archive.org/web/20210310100031/https://covid-19.ontario.ca/vaccine-locations/
2300 Yonge St,2300 Yonge Street - Rexall,"Toronto, ON",M4P 1E4,2021-03-10,https://covid-19.ontario.ca/vaccine-locations
2327 Princess St,2327 Princess Street - Sobeys,"Kingston, ON",K7M 3G1,2021-03-10,https://covid-19.ontario.ca/vaccine-locations
233 King St Unit 2 Niagara On The,Simpson's Apothecary,"Lake, ON",L0S 1J0,2021-03-29,https://covid-19.ontario.ca/vaccine-locations
2330 Kennedy Rd,2330 Kennedy Rd. - Shoppers Drug Mart,"Scarborough, ON",M1T 3H1,2021-03-10,https://covid-19.ontario.ca/vaccine-locations
2343 Eglinton Ave W,2343 Eglinton Ave. West - Shoppers Drug Mart,"Toronto, ON",M6E 2L6,2021-03-10,https://covid-19.ontario.ca/vaccine-locations
2345 Yonge St,2345 Yonge St. - Shoppers Drug Mart,"Toronto, ON",M4P 1E4,2021-03-10,https://covid-19.ontario.ca/vaccine-locations
235 Danforth Ave Unit 101,235 Danforth Avenue - Shoppers Drug Mart,"Toronto, ON",M4K 1N2,2021-03-11,https://covid-19.ontario.ca/vaccine-locations
235 Danorth Ave Unit 101,235 Danforth Avenue - Shoppers Drug Mart,"Toronto, ON",M4K 1N2,2021-03-10,https://web.archive.org/web/20210310100031/https://covid-19.ontario.ca/vaccine-locations/
235 Hays Blvd,Wal-Mart Pharmacy,"Oakville, ON",L6H 6M8,2021-03-29,https://covid-19.ontario.ca/vaccine-locations
2355 Warden Ave,Shoppers Drug Mart,"Scarborough, ON",M1T 1V7,2021-03-29,https://covid-19.ontario.ca/vaccine-locations
236 Bloor St W,236 Bloor St. West - Shoppers Drug Mart,"Toronto, ON",M5S 1T8,2021-03-10,https://covid-19.ontario.ca/vaccine-locations
238 Danforth Ave,City Pharmacy Remedy's Rx,"Toronto, ON",M4K 1N4,2021-03-10,https://covid-19.ontario.ca/vaccine-locations
2394 Keele St,Demarco Pharmacy,"Toronto, ON",M6M 4A5,2021-03-29,https://covid-19.ontario.ca/vaccine-locations
240 Montreal St,240 Montreal Street - Rexall,"Kingston, ON",K7K 3G8,2021-03-10,https://covid-19.ontario.ca/vaccine-locations
2425 Eglinton Ave E #10,HealthSmart Pharmasave,"Scarborough, ON",M1K 5G8,2021-03-10,https://web.archive.org/web/20210310100031/https://covid-19.ontario.ca/vaccine-locations/
2425 Eglinton Ave E Unit 10,HealthSmart Pharmasave,"Scarborough, ON",M1K 5G8,2021-03-29,https://covid-19.ontario.ca/vaccine-locations
2425 Truscott Dr,Truscott Pharmacy,"Mississauga, ON",L5J 2B4,2021-03-29,https://covid-19.ontario.ca/vaccine-locations
243 Eglinton Ave W,Uptown Pharmacy,"Toronto, ON",M4R 1B1,2021-03-29,https://covid-19.ontario.ca/vaccine-locations
2430 Dougall Ave,2430 Dougall Avenue - Loblaw,"Windsor, ON",N8X 1T2,2021-03-10,https://covid-19.ontario.ca/vaccine-locations
2437 Princess St Unit # 100,2437 Princess Street - Shoppers Drug Mart,"Kingston, ON",K7M 3G1,2021-03-10,https://web.archive.org/web/20210310100031/https://covid-19.ontario.ca/vaccine-locations/
2437 Princess St Unit 100,Shoppers Drug Mart,"Kingston, ON",K7M 3G1,2021-03-29,https://covid-19.ontario.ca/vaccine-locations
2438 Lake Shore Blvd W,Lakeside Pharmacy,"Etobicoke, ON",M8V 1C4,2021-03-10,https://covid-19.ontario.ca/vaccine-locations
2440 Dundas St W,2440 Dundas Street West - Shoppers Drug Mart,"Toronto, ON",M6P 1W9,2021-03-10,https://covid-19.ontario.ca/vaccine-locations
2462 Howard Ave Suit 108 Windsor ON,Ziter Pharmacy,"Windsor, ON",N8X 3V6,2021-03-10,https://web.archive.org/web/20210310100031/https://covid-19.ontario.ca/vaccine-locations/
2462 Howard Ave Suite 108,Ziter Pharmacy,"Windsor, ON",N8X 3V6,2021-03-29,https://covid-19.ontario.ca/vaccine-locations
247 Whitewood Ave New,Findlay's Drugstore,"Liskeard, ON",P0J 1P0,2021-03-29,https://covid-19.ontario.ca/vaccine-locations
2490 Gerrard St E,2490 Gerrard St. East - Sobeys,"Scarborough, ON",M1N 1W8,2021-03-10,https://covid-19.ontario.ca/vaccine-locations
2494 Danforth Ave,2494 Danforth Ave. - Shoppers Drug Mart,"Toronto, ON",M4C 1K9,2021-03-10,https://covid-19.ontario.ca/vaccine-locations
25 Broadway Ave,Shoppers Drug Mart,"Orangeville, ON",L9W 1J6,2021-03-29,https://covid-19.ontario.ca/vaccine-locations
25 Duke St,Shoppers Drug Mart,"Dryden, ON",P8N 1E6,2021-03-29,https://covid-19.ontario.ca/vaccine-locations
25 Great Lakes Dr,25 Great Lakes Drive - Shoppers Drug Mart,"Brampton, ON",L6R 2S5,2021-03-29,https://covid-19.ontario.ca/vaccine-locations
25 Hamilton St N,Shoppers Drug Mart,"Waterdown, ON",L0R 2H6,2021-03-29,https://covid-19.ontario.ca/vaccine-locations
25 Peel Centre Dr,Metro Pharmacy,"Brampton, ON",L6T 3R5,2021-03-29,https://covid-19.ontario.ca/vaccine-locations
25 Peel Centre Dr Unit 379,Shoppers Drug Mart,"Brampton, ON",L6T 3R5,2021-03-29,https://covid-19.ontario.ca/vaccine-locations
25 Photography Dr,Drug Store Pharmacy,"Toronto, ON",M6M 0A1,2021-03-29,https://covid-19.ontario.ca/vaccine-locations
250 Erie St S,Central Drug Mart (Leamington),"Leamington, ON",N8H 3C2,2021-03-10,https://covid-19.ontario.ca/vaccine-locations
250 Lakeshore Rd W,Loblaw Pharmacy,"Mississauga, ON",L5H 1G3,2021-03-29,https://covid-19.ontario.ca/vaccine-locations
250 The E Mall,250 The East Mall - Rexall,"Etobicoke, ON",M9B 3Y8,2021-03-10,https://covid-19.ontario.ca/vaccine-locations
250 University Ave Unit 120,250 University Ave - Rexall,"Toronto, ON",M5H 3E5,2021-03-10,https://covid-19.ontario.ca/vaccine-locations
250 Wincott Dr,250 Wincott Drive - Rexall,"Weston, ON",M9R 2R5,2021-03-10,https://covid-19.ontario.ca/vaccine-locations
2501 Third Line Building B,2501 Third Line - Shoppers Drug Mart,"Oakville, ON",L6M 5A9,2021-03-29,https://covid-19.ontario.ca/vaccine-locations
2525 Carling Ave,Rexall,"Ottawa, ON",K2B 7Z2,2021-03-29,https://covid-19.ontario.ca/vaccine-locations
2525 Saint Clair Ave W,2525 St Clair Ave West - Walmart,"Toronto, ON",M6N 4Z5,2021-03-10,https://web.archive.org/web/20210310100031/https://covid-19.ontario.ca/vaccine-locations/
2525 St Clair Ave W,Wal-Mart Pharmacy,"Toronto, ON",M6N 4Z5,2021-04-02,https://covid-19.ontario.ca/vaccine-locations
2528 Bayview Ave,2528 Bayview Ave. - Shoppers Drug Mart,"Toronto, ON",M2L 1A9,2021-03-10,https://covid-19.ontario.ca/vaccine-locations
2549 Won Rd,2549 Weston Road - Loblaw,"Toronto, ON",M9N 2A7,2021-03-10,https://covid-19.ontario.ca/vaccine-locations
255 Morningside Ave,255 Morningside Ave. - Shoppers Drug Mart,"Scarborough, ON",M1E 3E6,2021-03-10,https://covid-19.ontario.ca/vaccine-locations
2550 Finch Ave W N,2550 Finch Ave West - Shoppers Drug Mart,"York, ON",M9M 2G3,2021-03-29,https://covid-19.ontario.ca/vaccine-locations
2555 Victoria Park Ave Unit 6,Victoria Commons Pharmacy,"Scarborough, ON",M1T 1A3,2021-03-10,https://web.archive.org/web/20210310100031/https://covid-19.ontario.ca/vaccine-locations/
2555 Victoria Park Ave Unit 6  Sunday hours will open once vaccinations start and can extend other hours,Victoria Commons Pharmacy,"Scarborough, ON",M1T 1A3,2021-03-29,https://covid-19.ontario.ca/vaccine-locations
260 Queen St W,260 Queen St. West - Shoppers Drug Mart,"Toronto, ON",M5V 1Z8,2021-03-10,https://covid-19.ontario.ca/vaccine-locations
2600 Eglinton Ave W,2600 Eglinton Ave West - Medicine Shoppe,"Toronto, ON",M6M 1T5,2021-03-10,https://covid-19.ontario.ca/vaccine-locations
263 Weller Ave Unit 2,Weller Pharmacy,"Kingston, ON",K7K 2V4,2021-03-10,https://covid-19.ontario.ca/vaccine-locations
264 Bloor St W,Snowden Pharmacy,"Toronto, ON",M5S 1V8,2021-03-10,https://covid-19.ontario.ca/vaccine-locations
265 Port Union Rd,265 Port Union Rd. - Shoppers Drug Mart,"Scarborough, ON",M1C 2L3,2021-03-10,https://covid-19.ontario.ca/vaccine-locations
2650 Lawrence Ave E,2650 Lawrence Avenue E - Sobeys,"Scarborough, ON",M1P 2S1,2021-03-10,https://covid-19.ontario.ca/vaccine-locations
2670 New Lakeshore Rd Brights,Bright's Grove Family Pharmacy,"Grove, ON",N0N 1C0,2021-03-29,https://covid-19.ontario.ca/vaccine-locations
2670 Tecumseh Rd W,2670 Tecumseh Road West - Shoppers Drug Mart,"Windsor, ON",N9B 3P9,2021-03-10,https://covid-19.ontario.ca/vaccine-locations
2681 Alta Vista Dr,The Drugstore Pharmacy,"Ottawa, ON",K1V 7T5,2021-03-29,https://covid-19.ontario.ca/vaccine-locations
2682 Eglinton Ave E,Rexall,"Scarborough, ON",M1K 2S3,2021-03-29,https://covid-19.ontario.ca/vaccine-locations
2683 Lawrence Ave E,Lawrence Pharmacy,"Scarborough, ON",M1P 2S2,2021-03-10,https://covid-19.ontario.ca/vaccine-locations
269 Erie St S,269 Erie St. South - Shoppers Drug Mart,"Leamington, ON",N8H 3C4,2021-03-10,https://covid-19.ontario.ca/vaccine-locations
27 Lapsley Rd,Lapsley Pharmacy,"Toronto, ON",M1B 1K1,2021-03-10,https://covid-19.ontario.ca/vaccine-locations
270 The Kingsway,270 The Kingsway - Shoppers Drug Mart,"Etobicoke, ON",M9A 3T7,2021-03-10,https://covid-19.ontario.ca/vaccine-locations
2700 Kipling Ave Unit 9,Shih Pharmacy,"Rexdale, ON",M9V 4P2,2021-03-29,https://covid-19.ontario.ca/vaccine-locations
271 Main St E,Kingsville IDA Pharmacy,"Kingsville, ON",N9Y 1A7,2021-03-29,https://covid-19.ontario.ca/vaccine-locations
271 Main street E,Kingsville IDA Pharmacy ,"Kingsville, ON",N9Y 1A7,2021-03-10,https://web.archive.org/web/20210310100031/https://covid-19.ontario.ca/vaccine-locations/
273 King St W,Ingersoll Remedy's Rx,"Ingersoll, ON",N5C 2K9,2021-03-29,https://covid-19.ontario.ca/vaccine-locations
275 Jarvis St,Jarvis St. Apothecary,"Toronto, ON",M5B 2C2,2021-03-10,https://covid-19.ontario.ca/vaccine-locations
2751 Eglinton Ave E,2751 Eglinton Ave East - Shoppers Drug Mart,"Scarborough, ON",M1J 2C7,2021-03-10,https://covid-19.ontario.ca/vaccine-locations
277 Bath Rd,Med+ Pharmacy,"Kingston, ON",K7M 2X6,2021-03-10,https://covid-19.ontario.ca/vaccine-locations
279 Yonge St,279 Yonge St. - Shoppers Drug Mart,"Toronto, ON",M5B 1N8,2021-03-10,https://covid-19.ontario.ca/vaccine-locations
285 Spadina Ave,285 Spadina Avenue - Rexall,"Toronto, ON",M5T 2E6,2021-03-10,https://covid-19.ontario.ca/vaccine-locations
286 King St,Arcade And Jory Guardian Pharmacy,"Midland, ON",L4R 3M6,2021-03-29,https://covid-19.ontario.ca/vaccine-locations
2863 Ellesmere Rd,Shoppers Drug Mart,"Scarborough, ON",M1E 5E9,2021-03-29,https://covid-19.ontario.ca/vaccine-locations
2877 Bayview Ave,2877 Bayview Avenue - Loblaw,"Toronto, ON",M2K 2S3,2021-03-10,https://covid-19.ontario.ca/vaccine-locations
288 Erie St S,288 Erie Street South - Walmart,"Leamington, ON",N8H 3C5,2021-03-10,https://covid-19.ontario.ca/vaccine-locations
288 Sheppard Ave E,288 Sheppard Avenue E. - Rexall,"Willowdale, ON",M2N 3B1,2021-03-10,https://covid-19.ontario.ca/vaccine-locations
289 Coldwater Rd,Drugstore Pharmacy,"Orillia, ON",L3V 6J3,2021-03-29,https://covid-19.ontario.ca/vaccine-locations
29 Toronto St N,Markdale Pharmacy,"Markdale, ON",N0C 1H0,2021-03-29,https://covid-19.ontario.ca/vaccine-locations
29 Toronto St S Suite 1B,Pharmasave Uxbridge Med Pharm,"Uxbridge, ON",L9P 1V9,2021-03-29,https://covid-19.ontario.ca/vaccine-locations
290 The W Mall,Glen Cade Pharmacy,"Etobicoke, ON",M9C 1C6,2021-03-10,https://covid-19.ontario.ca/vaccine-locations
2900 Warden Ave,Shoppers Drug Mart,"Scarborough, ON",M1W 2S8,2021-03-29,https://covid-19.ontario.ca/vaccine-locations
2901 Sheppard Ave E,2901 Sheppard Ave. East - Shoppers Drug Mart,"Scarborough, ON",M1T 3J3,2021-03-10,https://covid-19.ontario.ca/vaccine-locations
292 Dupont St,292 Dupont St. - Shoppers Drug Mart,"Toronto, ON",M5R 1V9,2021-03-10,https://covid-19.ontario.ca/vaccine-locations
2920 Bloor St W,Canadian Compounding Pharmacy,"Toronto, ON",M8X 1B6,2021-03-10,https://covid-19.ontario.ca/vaccine-locations
2920 Dufferin St,Glen Park Pharmacy,"Toronto, ON",M6B 3S8,2021-04-02,https://covid-19.ontario.ca/vaccine-locations
2928 Danforth Ave,Care and Health Pharmacy,"Toronto, ON",M4C 1M1,2021-03-10,https://covid-19.ontario.ca/vaccine-locations
2940 Dundas St W,Dundas West Village Pharmacy,"Toronto, ON",M6P 1Y8,2021-03-29,https://covid-19.ontario.ca/vaccine-locations
2942 Finch Ave E,Village Square Pharmacy,"Scarborough, ON",M1W 2T4,2021-03-10,https://covid-19.ontario.ca/vaccine-locations
2960 Kingsway Dr,Wal-Mart Pharmacy,"Kitchener, ON",N2C 1X1,2021-03-29,https://covid-19.ontario.ca/vaccine-locations
2999 Kingston Rd,2999 Kingston Rd. - Shoppers Drug Mart,"Scarborough, ON",M1M 1P1,2021-03-10,https://covid-19.ontario.ca/vaccine-locations
30 Kingston Rd W,Loblaw Pharmacy,"Ajax, ON",L1T 4K8,2021-03-29,https://covid-19.ontario.ca/vaccine-locations
300 Borough Dr,300 Borough Dr. - Shoppers Drug Mart,"Scarborough, ON",M1P 4P5,2021-03-10,https://covid-19.ontario.ca/vaccine-locations
300 Main St S,300 Main St. South - Loblaw,"Kingsville, ON",N9Y 3S9,2021-03-10,https://covid-19.ontario.ca/vaccine-locations
3003 Danforth Ave,3003 Danforth Avenue - Metro,"Toronto, ON",M4C 1M9,2021-03-10,https://covid-19.ontario.ca/vaccine-locations
3010 Bloor St W,3010 Bloor St. West - Shoppers Drug Mart,"Etobicoke, ON",M8X 1C2,2021-03-10,https://covid-19.ontario.ca/vaccine-locations
3011 Hwy 56,Binbrook Pharmacy,"Binbrook, ON",L0R 1C0,2021-03-29,https://covid-19.ontario.ca/vaccine-locations
3016 Dundas St W,Junction Pharmacy,"Toronto, ON",M6P1Z3,2021-03-29,https://covid-19.ontario.ca/vaccine-locations
3016 Dundas Steet W,Junction Pharmacy ,"Toronto, ON",M6P1Z3,2021-03-10,https://web.archive.org/web/20210310100031/https://covid-19.ontario.ca/vaccine-locations/
3023 New St,Shoppers Drug Mart,"Burlington, ON",L7R 1K3,2021-03-29,https://covid-19.ontario.ca/vaccine-locations
3050 Argentia Rd,Drugstore Pharmacy,"Mississauga, ON",L5N 8E1,2021-03-29,https://covid-19.ontario.ca/vaccine-locations
307 Grand River St N,Sobeys Pharmacy,"Paris, ON",N3L 2N9,2021-03-29,https://covid-19.ontario.ca/vaccine-locations
307 Ridge Rd N,Boggio & Edwards Ridgeway IDA,"Ridgeway, ON",L0S 1N0,2021-03-29,https://covid-19.ontario.ca/vaccine-locations
3080 Hwy 69 N Val,Rexall,"Caron, ON",P3N 1N7,2021-03-29,https://covid-19.ontario.ca/vaccine-locations
31 St Dennis Dr Unit 1,Allcures Pharmacy,"Toronto, ON",M3C 1G7,2021-03-10,https://covid-19.ontario.ca/vaccine-locations
310 Garrison Rd Unit C Fort,Rexall,"Erie, ON",L2A 1M7,2021-03-29,https://covid-19.ontario.ca/vaccine-locations
3100 Howard Ave,3100 Howard Ave. - Shoppers Drug Mart,"Windsor, ON",N8X 3Y8,2021-03-10,https://covid-19.ontario.ca/vaccine-locations
3110 Bathurst St N,Shoppers Drug Mart,"York, ON",M6A 2A1,2021-03-29,https://covid-19.ontario.ca/vaccine-locations
3120 Dougall Rd,3120 Dougall Road - Walmart,"Windsor, ON",N9E 1S7,2021-03-10,https://covid-19.ontario.ca/vaccine-locations
314 Central Park Dr Unit 8,Apothe Sos Pharmacy,"Ottawa, ON",K2C 0R2,2021-03-29,https://covid-19.ontario.ca/vaccine-locations
3170 Lakeshore Blvd W,Unicare Pharmacy,"Etobicoke, ON",M8V 3X8,2021-03-10,https://covid-19.ontario.ca/vaccine-locations
3180 Laird Rd,Costco Pharmacy,"Mississauga, ON",L5L 6A2,2021-03-29,https://covid-19.ontario.ca/vaccine-locations
3192 Logan Farm Dr,Osgoode Pharmacy,"Osgoode, ON",K0A 2W0,2021-03-29,https://covid-19.ontario.ca/vaccine-locations
3201 Greenbank Rd,The Drug Store Pharmacy,"Ottawa, ON",K2J 4H9,2021-03-29,https://covid-19.ontario.ca/vaccine-locations
322 Rideau St,Shoppers Drug Mart,"Ottawa, ON",K1N 5Y5,2021-03-29,https://covid-19.ontario.ca/vaccine-locations
322 Wilson Ave,Bathurst Wilson I.D.A. Pharmacy,"Toronto, ON",M3H 1S8,2021-03-10,https://covid-19.ontario.ca/vaccine-locations
324 Highland Rd W,Rexall,"Kitchener, ON",N2M 5G2,2021-03-29,https://covid-19.ontario.ca/vaccine-locations
325 Moore Ave,Rexall,"Toronto, ON",M4G 3T6,2021-03-29,https://covid-19.ontario.ca/vaccine-locations
330 Notre Dame St Belle,Shoppers Drug Mart,"River, ON",N0R 1A0,2021-03-29,https://covid-19.ontario.ca/vaccine-locations
330 Notre Dame St Po Box 418 Belle,330 Notre Dame St. - Shoppers Drug Mart,"River, ON",N0R 1A0,2021-03-10,https://web.archive.org/web/20210310100031/https://covid-19.ontario.ca/vaccine-locations/
330 Queens Plate Dr,330 Queens Plate Dr - Fortinos,"Etobicoke, ON",M9W 7J7,2021-03-10,https://covid-19.ontario.ca/vaccine-locations
3323 Bathurst St,Premier Pharmacy and Compounding Centre,"Toronto, ON",M6A 2B7,2021-03-10,https://covid-19.ontario.ca/vaccine-locations
333 Bay St,333 Bay St. - Shoppers Drug Mart,"Toronto, ON",M5H 2R2,2021-03-10,https://covid-19.ontario.ca/vaccine-locations
333 Symington Ave,Symington Pharmacy,"Toronto, ON",M6P 3X1,2021-03-10,https://covid-19.ontario.ca/vaccine-locations
3353 The Credit Woodlands,Woodland Village Pharmacy,"Mississauga, ON",L5C 2K1,2021-03-29,https://covid-19.ontario.ca/vaccine-locations
3366 Yonge St,3366 Yonge St. - Shoppers Drug Mart,"Toronto, ON",M4N 2M7,2021-03-10,https://covid-19.ontario.ca/vaccine-locations
3401 Dufferin St,3401 Dufferin Street  - Shoppers Drug Mart,"Toronto, ON",M6A 2T9,2021-03-10,https://covid-19.ontario.ca/vaccine-locations
3401 Lawrence Ave E,3401 Lawrence Ave East -  Loblaw,"Scarborough, ON",M1H 1B2,2021-03-10,https://covid-19.ontario.ca/vaccine-locations
3402 Yonge St,3402 Yonge Street - Rexall,"Toronto, ON",M4N 2M9,2021-03-10,https://covid-19.ontario.ca/vaccine-locations
343 Kent St W Unit 341,Shoppers Drug Mart,"Lindsay, ON",K9B 2Z7,2021-04-02,https://covid-19.ontario.ca/vaccine-locations
3446 Dundas St W,3446 Dundas Street West - Shoppers Drug Mart,"Toronto, ON",M6S 2S1,2021-03-10,https://covid-19.ontario.ca/vaccine-locations
345 Bloor St Unit 3,"345 Bloor Street., Unit 3 - Rexall","Toronto, ON",M4W 1H7,2021-03-10,https://covid-19.ontario.ca/vaccine-locations
3480 Lawrence Ave E,Pharmasave Cedarcourt Pharmacy,"Scarborough, ON",M1H 1A9,2021-03-10,https://covid-19.ontario.ca/vaccine-locations
3485 Kingston Rd,Pharmasave,"Toronto, ON",M1M 1R4,2021-03-10,https://covid-19.ontario.ca/vaccine-locations
35 Crawford Crescent,Campbellville Pharmacy,"Campbellville, ON",L0P 1B0,2021-03-29,https://covid-19.ontario.ca/vaccine-locations
35 John Birchall Rd Richmond,Costco Pharmacy,"Hill, ON",L4S 0B2,2021-03-29,https://covid-19.ontario.ca/vaccine-locations
35 Worthington Ave,Drug Store Pharmacy,"Brampton, ON",L7A 2Y7,2021-03-29,https://covid-19.ontario.ca/vaccine-locations
3555 Don Mills Rd,3555 Don Mills Road - Rexall,"Willowdale, ON",M2H 3N3,2021-03-10,https://covid-19.ontario.ca/vaccine-locations
3607 Sheppard Ave E,3607 Sheppard Avenue East - Rexall,"Scarborough, ON",M1T 3K8,2021-03-10,https://covid-19.ontario.ca/vaccine-locations
3671 Dundas St W,Loblaws,"Etobicoke, ON",M6S 2T3,2021-03-29,https://covid-19.ontario.ca/vaccine-locations
3671 Dundas Steet W,3671 Dundas Street West - Loblaw,"Etobicoke, ON",M6S 2T3,2021-03-10,https://web.archive.org/web/20210310100031/https://covid-19.ontario.ca/vaccine-locations/
368 Main St,Smallman Pharmacy,"Haileybury, ON",P0J 1K0,2021-03-29,https://covid-19.ontario.ca/vaccine-locations
37 Seguin St Parry,Pollard IDA Pharmacy,"Sound, ON",P2A 1B2,2021-03-29,https://web.archive.org/web/20210329173950/https://covid-19.ontario.ca/vaccine-locations/
370 Main St E,370 Main St. East - Shoppers Drug Mart,"Kingsville, ON",N9Y 0C1,2021-03-10,https://covid-19.ontario.ca/vaccine-locations
3701 Lake Shore Blvd W,Rexall,"Toronto, ON",M8W 1P8,2021-03-29,https://covid-19.ontario.ca/vaccine-locations
3701 Lakeshore Blvd W,3701 Lakeshore Blvd West - Rexall,"Toronto, ON",M8W 1P8,2021-03-10,https://web.archive.org/web/20210310100031/https://covid-19.ontario.ca/vaccine-locations/
3701 Portage Rd Unit 1 Niagara,Shoppers Drug Mart,"Falls, ON",L2J 2K8,2021-03-29,https://covid-19.ontario.ca/vaccine-locations
3730 Lake Share Blvd W Unit 102,3730 Lake Shore Boulevard West - Shoppers Drug Mart,"Etobicoke, ON",M8W 1N6,2021-03-10,https://web.archive.org/web/20210310100031/https://covid-19.ontario.ca/vaccine-locations/
3730 Lake Shore Blvd W Unit 102,Shoppers Drug Mart,"Etobicoke, ON",M8W 1N6,2021-03-29,https://covid-19.ontario.ca/vaccine-locations
377 Burnamthorpe Rd E,Rexall,"Mississauga, ON",L5A 3Y1,2021-03-29,https://covid-19.ontario.ca/vaccine-locations
377 Church St,Dales Pharmacy,"Markham, ON",L6B 1A1,2021-03-29,https://covid-19.ontario.ca/vaccine-locations
3781 Strandherd Dr,Shoppers Drug Mart,"Nepean, ON",K2J 5M4,2021-03-29,https://covid-19.ontario.ca/vaccine-locations
380 The E Mall,380 The East Mall - Loblaw,"Etobicoke, ON",M9B 6L5,2021-03-10,https://covid-19.ontario.ca/vaccine-locations
3810 Perth Rd Unit 1B,Inverary Pharmasave,"Inverary, ON",K0H 1X0,2021-03-10,https://covid-19.ontario.ca/vaccine-locations
3840 Howard Ave,3840 Howard Avenue - Rexall,"Windsor, ON",N9E 3N9,2021-03-10,https://covid-19.ontario.ca/vaccine-locations
385 Frederick St Unit 15,Frederick Mall Pharmacy,"Kitchener, ON",N2H 2P2,2021-03-29,https://covid-19.ontario.ca/vaccine-locations
3850 Sheppard Ave E,3850 Sheppard Avenue East - Walmart,"Scarborough, ON",M1T 3L4,2021-03-10,https://covid-19.ontario.ca/vaccine-locations
387 Scott St Unit 1 St,Shoppers Drug Mart,"Catharines, ON",L2M 3W2,2021-03-29,https://covid-19.ontario.ca/vaccine-locations
3874 Bathurst St N,3874 Bathurst Street - Shoppers Drug Mart,"York, ON",M3H 3N3,2021-03-10,https://covid-19.ontario.ca/vaccine-locations
388 King St W,388 King St. West - Shoppers Drug Mart,"Toronto, ON",M5V 1K2,2021-03-10,https://covid-19.ontario.ca/vaccine-locations
390 Queens Quay W Unit 110,390 Queen's Quay West - Shoppers Drug Mart,"Toronto, ON",M5V 3A6,2021-03-29,https://covid-19.ontario.ca/vaccine-locations
3900 Rutherford Rd,Rexall,"Woodbridge, ON",L4H 3G8,2021-03-29,https://covid-19.ontario.ca/vaccine-locations
3950 Dougall Ave Unit 2,3950 Dougall Ave. - Shoppers Drug Mart,"Windsor, ON",N9G 1X2,2021-03-10,https://covid-19.ontario.ca/vaccine-locations
396 Saint Clair Ave W,396 Saint Clair Ave - Loblaw,"Toronto, ON",M5P 3N3,2021-03-10,https://web.archive.org/web/20210310100031/https://covid-19.ontario.ca/vaccine-locations/
396 St Clair Ave W,Loblaws,"Toronto, ON",M5P 3N3,2021-04-02,https://covid-19.ontario.ca/vaccine-locations
3970 Seminole St,3970 Seminole St. - Shoppers Drug Mart,"Windsor, ON",N8Y 4T2,2021-03-10,https://covid-19.ontario.ca/vaccine-locations
3975 Jane St N,3975 Jane St. - Shoppers Drug Mart,"York, ON",M3N 2K1,2021-03-29,https://covid-19.ontario.ca/vaccine-locations
3980 Grand Park Dr,3980 Grand Park Drive - Shoppers Drug Mart,"Mississauga, ON",L5B 4M6,2021-03-29,https://covid-19.ontario.ca/vaccine-locations
399 King St,Rexall,"Welland, ON",L3B 3K4,2021-03-29,https://covid-19.ontario.ca/vaccine-locations
3998 Cottrelle Blvd,Freshco,"Brampton, ON",L6P 2R1,2021-03-29,https://covid-19.ontario.ca/vaccine-locations
400 Manning Rd St Clair,400 Manning Road - Loblaw,"Beach, ON",N8N 4Z4,2021-03-10,https://covid-19.ontario.ca/vaccine-locations
400 Sandwich St S,400 Sandwich Street - Walmart,"Amherstburg, ON",N9V 3L4,2021-03-10,https://covid-19.ontario.ca/vaccine-locations
401 St Clair St,Rexall,"Chatham, ON",N7L 3K3,2021-03-29,https://covid-19.ontario.ca/vaccine-locations
4040 Finch Ave E,Rexall,"Scarborough, ON",M1S 4V5,2021-03-29,https://covid-19.ontario.ca/vaccine-locations
405 Queen St S,Rexall,"Bolton, ON",L7E 2B5,2021-03-29,https://covid-19.ontario.ca/vaccine-locations
41 Maple View Dr E,Costco Pharmacy,"Barrie, ON",L4N 9A9,2021-03-29,https://covid-19.ontario.ca/vaccine-locations
410 Fairview Dr,Drugstore Pharmacy,"Brantford, ON",N3R 7N7,2021-03-29,https://covid-19.ontario.ca/vaccine-locations
410 Hwy 8 Stoney,Supercare Pharmacy,"Creek, ON",L8G 1G2,2021-03-29,https://covid-19.ontario.ca/vaccine-locations
410 Richmond Rd,Shoppers Drug Mart,"Ottawa, ON",K2A 4C4,2021-03-29,https://covid-19.ontario.ca/vaccine-locations
411 Bridge St E,Kelly's Drug Store,"Belleville, ON",K8N 1P7,2021-03-29,https://covid-19.ontario.ca/vaccine-locations
411 Jane St,Lingeman I.D.A. Pharmacy,"Toronto, ON",M6S 3Z6,2021-03-11,https://covid-19.ontario.ca/vaccine-locations
411 Jane st,Lingeman IDA Pharmacy,"Toronto, ON",M6S 3Z6,2021-03-10,https://web.archive.org/web/20210310100031/https://covid-19.ontario.ca/vaccine-locations/
4141 Dixie Rd,Shoppers Drug Mart,"Mississauga, ON",L4W 1V5,2021-03-29,https://covid-19.ontario.ca/vaccine-locations
415 The Wway,Shoppers Drug Mart,"Etobicoke, ON",M9R 1H5,2021-03-29,https://covid-19.ontario.ca/vaccine-locations
4188 Spratt Rd Unit 2,Good Health Pharmacy,"Gloucester, ON",K1V 0Z6,2021-03-29,https://covid-19.ontario.ca/vaccine-locations
42 Overlea Blvd Thorncliffe,42 Overlea Blvd - Costo,"Park, ON",M4H 1B8,2021-03-10,https://covid-19.ontario.ca/vaccine-locations
42 St Andrews Ave Unit 1,Shoppers Drug Mart,"Grimsby, ON",L3M 3S2,2021-03-29,https://covid-19.ontario.ca/vaccine-locations
420 Essa Rd,Shoppers Drug Mart,"Barrie, ON",L4N 9J7,2021-03-29,https://covid-19.ontario.ca/vaccine-locations
420 Queen St,Shoppers Drug Mart,"Chatham, ON",N7M 2J2,2021-03-29,https://covid-19.ontario.ca/vaccine-locations
420 Vansickle Rd St,Wal-Mart Pharmacy,"Catharines, ON",L2R 6P9,2021-03-29,https://covid-19.ontario.ca/vaccine-locations
4270 Innes Rd,Loblaw Pharmacy,"Ottawa, ON",K4A 5E6,2021-03-29,https://covid-19.ontario.ca/vaccine-locations
4315 Strandherd Dr,Costco Pharmacy,"Nepean, ON",K2J 6E5,2021-03-29,https://covid-19.ontario.ca/vaccine-locations
4335 Bloor St W,Markland Wood Pharmacy,"Toronto, ON",M9C 2A5,2021-03-10,https://covid-19.ontario.ca/vaccine-locations
4371 Walker Rd,4371 Walker Rd. - Loblaw,"Windsor, ON",N8W 3T6,2021-03-10,https://covid-19.ontario.ca/vaccine-locations
438 King St W,Rexall Pharma Plus,"Oshawa, ON",L1J 2K9,2021-03-29,https://covid-19.ontario.ca/vaccine-locations
439 Wyandotte E,Neighborhood Drug Store,"Windsor, ON",N9A 3H8,2021-03-10,https://web.archive.org/web/20210310100031/https://covid-19.ontario.ca/vaccine-locations/
439 Wyandotte St E,Neighborhood Drug Store,"Windsor, ON",N9A 3H8,2021-03-29,https://covid-19.ontario.ca/vaccine-locations
4411 Walker Rd,4411 Walker Road - Costco,"Windsor, ON",N9A 6J3,2021-03-10,https://covid-19.ontario.ca/vaccine-locations
445 Princess St,445 Princess St. - Shoppers Drug Mart,"Kingston, ON",K7L 1C3,2021-03-10,https://covid-19.ontario.ca/vaccine-locations
4459 Kingston Rd,4459 Kingston Road - Rexall,"Scarborough, ON",M1E 2N7,2021-03-29,https://covid-19.ontario.ca/vaccine-locations
446 Hollandview Trail,Shoppers Drug Mart,"Aurora, ON",L4G 3H1,2021-03-29,https://covid-19.ontario.ca/vaccine-locations
4473 Innes Rd Unit 101,Innes IDA Pharmacy,"Olreans, ON",K4A 1A7,2021-03-29,https://covid-19.ontario.ca/vaccine-locations
4486 Ontario St,Rexall,"Beamsville, ON",L0R 1B5,2021-03-29,https://covid-19.ontario.ca/vaccine-locations
449 Carlaw Ave,449 Carlaw Ave - Loblaw,"Toronto, ON",M4K 3H9,2021-03-10,https://covid-19.ontario.ca/vaccine-locations
4499 Bath Rd,Amherstview Drugs,"Kingston, ON",K7N 1A6,2021-03-10,https://covid-19.ontario.ca/vaccine-locations
44 Great Nern Rd Unit 50 Sault Ste,Loblaw Pharmacy,"Marie, ON",P6B 4Y5,2021-03-29,https://covid-19.ontario.ca/vaccine-locations
45 Arthur St,Thornbury Pharmacy,"Thornbury, ON",N0H 2P0,2021-03-29,https://web.archive.org/web/20210329173950/https://covid-19.ontario.ca/vaccine-locations/
45 Arthur St W,Thornbury Pharmacy,"Thornbury, ON",N0H 2P0,2021-04-02,https://covid-19.ontario.ca/vaccine-locations
45 Overlea Blvd,45 Overlea Blvd. - Shoppers Drug Mart,"Toronto, ON",M4H 1C3,2021-03-10,https://covid-19.ontario.ca/vaccine-locations
450 Centre St N,450 Centre Street North - Loblaw,"Napanee, ON",K7R 1P8,2021-03-10,https://covid-19.ontario.ca/vaccine-locations
450 Columbia St W,Sobeys Pharmacy,"Waterloo, ON",N2T 2W1,2021-03-29,https://covid-19.ontario.ca/vaccine-locations
450 Erb St W,Loblaw Pharmacy,"Waterloo, ON",N2T 1H4,2021-03-29,https://covid-19.ontario.ca/vaccine-locations
4515 Dundas St W RR#1,Wal-Mart Pharmacy,"Burlington, ON",L7M 5B4,2021-03-29,https://covid-19.ontario.ca/vaccine-locations
4515 Ebenezer Rd Suite 110,Gore Pharmacy IDA,"Brampton, ON",L6P 2K7,2021-03-29,https://covid-19.ontario.ca/vaccine-locations
4524 New St,Shoppers Drug Mart,"Burlington, ON",L7L 2X8,2021-03-29,https://covid-19.ontario.ca/vaccine-locations
460 Albert St,Alphamed Pharmacy,"Waterloo, ON",N2L 6J8,2021-03-29,https://covid-19.ontario.ca/vaccine-locations
461 Holland St W,Rexall,"Bradford, ON",L3Z 0C1,2021-03-29,https://covid-19.ontario.ca/vaccine-locations
462 Birchmount Rd,Birchmount Pharmasave,"Scarborough, ON",M1K 1N8,2021-03-10,https://covid-19.ontario.ca/vaccine-locations
4646 Heritage Hills Blvd Unit 9-10,Heritage Hills Pharmacy,"Mississauga, ON",L5R 1Y4,2021-03-29,https://covid-19.ontario.ca/vaccine-locations
465 Yonge St,465 Yonge St - Shoppers Drug Mart,"Toronto, ON",M4Y 1X4,2021-03-10,https://covid-19.ontario.ca/vaccine-locations
47 Main St S,Young's Pharmacy And Homecare,"Georgetown, ON",L7G 3G2,2021-03-29,https://covid-19.ontario.ca/vaccine-locations
47 Wilson St W,Shoppers Drug Mart,"Ancaster, ON",L9G 1N1,2021-03-29,https://covid-19.ontario.ca/vaccine-locations
470 Centre St N,470 Centre Street North - Rexall,"Napanee, ON",K7R 1P8,2021-03-10,https://covid-19.ontario.ca/vaccine-locations
470 Norfolk St,Shoppers Drug Mart,"Simcoe, ON",N3Y 3P7,2021-03-29,https://covid-19.ontario.ca/vaccine-locations
4700 Keele St,4700 Keele Street - Shoppers Drug Mart,"Toronto, ON",M3J 1P3,2021-03-10,https://covid-19.ontario.ca/vaccine-locations
472 Bayfield St,Loblaw Pharmacy,"Barrie, ON",L4M 5A2,2021-03-29,https://covid-19.ontario.ca/vaccine-locations
472 Division St Unit 2,Division Pharmacy,"Kingston, ON",K7K 4B1,2021-03-29,https://covid-19.ontario.ca/vaccine-locations
472 Division street Unit 2,Division Pharmacy,"Kingston, ON",K7K 4B1,2021-03-10,https://web.archive.org/web/20210310100031/https://covid-19.ontario.ca/vaccine-locations/
474 Spadina Ave,474 Spadina Avenue - Rexall,"Toronto, ON",M5T 2G8,2021-03-10,https://covid-19.ontario.ca/vaccine-locations
4789 Yonge St Unit 2,4789 Yonge Street - Rexall,"Toronto, ON",M2N 0G3,2021-03-10,https://covid-19.ontario.ca/vaccine-locations
480 St George St,Mactavish Pharmacy,"Dresden, ON",N0P 1M0,2021-03-29,https://covid-19.ontario.ca/vaccine-locations
481 Bloor St W,Rexall,"Toronto, ON",M5S 1Y2,2021-03-29,https://covid-19.ontario.ca/vaccine-locations
481 Bloor Str W,481 Bloor Str W - Rexall,"Toronto, ON",M5S 1Y2,2021-03-10,https://web.archive.org/web/20210310100031/https://covid-19.ontario.ca/vaccine-locations/
4835 Wyandotte St E,4835 Wyandotte St. East - Shoppers Drug Mart,"Windsor, ON",N8Y 1H9,2021-03-10,https://covid-19.ontario.ca/vaccine-locations
4841 Yonge St N,4841 Yonge Street - Shoppers Drug Mart,"York, ON",M2N 5X2,2021-03-10,https://covid-19.ontario.ca/vaccine-locations
485 The Parkway,Costco Pharmacy,"Peterborough, ON",K9J 2A1,2021-03-29,https://covid-19.ontario.ca/vaccine-locations
4865 Leslie St,Shoppers Drug Mart,"Toronto, ON",M2J 2K8,2021-03-29,https://covid-19.ontario.ca/vaccine-locations
4890 Dundas St W,4890 Dundas Street West - Rexall,"Etobicoke, ON",M9A 1B5,2021-03-29,https://covid-19.ontario.ca/vaccine-locations
491 Eglinton Ave W #102,Forest Hill Pharmacy,"Toronto, ON",M5N 1A8,2021-03-10,https://web.archive.org/web/20210310100031/https://covid-19.ontario.ca/vaccine-locations/
491 Eglinton Ave W Unit 102,Forest Hill Pharmacy,"Toronto, ON",M5N 1A8,2021-03-29,https://covid-19.ontario.ca/vaccine-locations
4937 Hwy 38 Unit 2,Harrowsmith Pharmacy,"Harrowsmith, ON",K0H 1V0,2021-03-10,https://covid-19.ontario.ca/vaccine-locations
499 Main St S,Rexall,"Brampton, ON",L6Y 1N7,2021-03-29,https://covid-19.ontario.ca/vaccine-locations
499 Mohawk Rd E,Wal-Mart Pharmacy,"Hamilton, ON",L8V 4L7,2021-03-29,https://covid-19.ontario.ca/vaccine-locations
499 Terry Fox Dr Unit 10,Shoppers Drug Mart,"Kanata, ON",K2T 1H7,2021-03-29,https://covid-19.ontario.ca/vaccine-locations
5 Talbot St S,5 Talbot St. South - Shoppers Drug Mart,"Essex, ON",N8M 1A6,2021-03-10,https://covid-19.ontario.ca/vaccine-locations
50 Dufferin St,Shoppers Drug Mart,"Perth, ON",K7H 3A6,2021-03-29,https://covid-19.ontario.ca/vaccine-locations
50 Musgrave St,50 Musgrave Street - Loblaw,"Toronto, ON",M4E 3W2,2021-03-10,https://covid-19.ontario.ca/vaccine-locations
50 Queen Elizabeth Blvd,50 Queen Elizabeth Blvd - Costco,"Etobicoke, ON",M8Z 1M1,2021-03-10,https://covid-19.ontario.ca/vaccine-locations
50 Wmount Rd N,Westmount Place Pharmacy,"Waterloo, ON",N2L 2R5,2021-03-29,https://covid-19.ontario.ca/vaccine-locations
500 Centennial Parkway N Stoney,Wal-Mart Pharmacy,"Creek, ON",L8E 0G2,2021-03-29,https://covid-19.ontario.ca/vaccine-locations
500 Gardiners Rd,Gardiner's Pharmasave,"Kingston, ON",K7M 7W9,2021-03-10,https://covid-19.ontario.ca/vaccine-locations
500 Manning Rd RR #1 Unit 1,500 Manning Rd. - Shoppers Drug Mart,"Tecumseh, ON",N8N 5H3,2021-03-10,https://web.archive.org/web/20210310100031/https://covid-19.ontario.ca/vaccine-locations/
500 Manning Rd Unit 1,Shoppers Drug Mart,"Tecumseh, ON",N8N 5H3,2021-03-29,https://covid-19.ontario.ca/vaccine-locations
500 Tecumseh Rd E,500 Tecumseh Road East - Shoppers Drug Mart,"Windsor, ON",N8X 2S2,2021-03-10,https://covid-19.ontario.ca/vaccine-locations
5035 Hurontario St,Shoppers Drug Mart,"Mississauga, ON",L4Z 3X7,2021-03-29,https://covid-19.ontario.ca/vaccine-locations
505 Rymal Rd E,Rexall,"Hamilton, ON",L8W 3X1,2021-03-29,https://covid-19.ontario.ca/vaccine-locations
5050 Tecumseh Rd E,5050 Tecumseh Rd. East - Shoppers Drug Mart,"Windsor, ON",N8T 1C1,2021-03-10,https://covid-19.ontario.ca/vaccine-locations
5061 New St,Rexall,"Burlington, ON",L7L 1V2,2021-03-29,https://covid-19.ontario.ca/vaccine-locations
507 Main St,Seaway Valley Pharmacy,"Winchester, ON",K0C 2K0,2021-03-29,https://covid-19.ontario.ca/vaccine-locations
5085 Mayfield Rd,Wal-Mart Pharmacy,"Brampton, ON",L6R 3S9,2021-03-29,https://covid-19.ontario.ca/vaccine-locations
5095 Yonge St E,5095 Yonge Street - Loblaw,"Toronto, ON",M2M 3V7,2021-03-10,https://covid-19.ontario.ca/vaccine-locations
51 Gerry Fitzgerald Dr,Loblaw Pharmacy,"Toronto, ON",M3J 3N4,2021-03-29,https://covid-19.ontario.ca/vaccine-locations
51 King William St,51 King William Street - Shoppers Drug Mart,"Huntsville, ON",P1H 1G4,2021-03-29,https://covid-19.ontario.ca/vaccine-locations
5100 Erin Mills Parkway,Wal-Mart Pharmacy,"Mississauga, ON",L5M 4Z5,2021-03-29,https://covid-19.ontario.ca/vaccine-locations
5113 Sheppard Ave E,Markham Corners Pharmacy,"Scarborough, ON",M1S 4N8,2021-03-10,https://covid-19.ontario.ca/vaccine-locations
5115 Tecumseh Rd E,Westminster Pharmacy,"Windsor, ON",N8T 1C2,2021-03-10,https://covid-19.ontario.ca/vaccine-locations
5125 Montrose Rd Niagara,Shoppers Drug Mart,"Falls, ON",L2H 1K7,2021-03-29,https://covid-19.ontario.ca/vaccine-locations
5150 Innes Rd,Sobeys Pharmacy,"Orleans, ON",K4A 0G4,2021-03-29,https://covid-19.ontario.ca/vaccine-locations
5150 Yonge St N,5150 Yonge Street - Rexall,"York, ON",M2N 6L8,2021-03-10,https://web.archive.org/web/20210310100031/https://covid-19.ontario.ca/vaccine-locations/
519 Talbot St St,Yurek Pharmacy Ltd.,"Thomas, ON",N5P 1C3,2021-04-02,https://covid-19.ontario.ca/vaccine-locations
52 Queen St W,Cookstown Pharmasave,"Cookstown, ON",L0L 1L0,2021-03-29,https://covid-19.ontario.ca/vaccine-locations
523 Maple Grove Rd,Rexall,"Oakville, ON",L6J 4W3,2021-03-29,https://covid-19.ontario.ca/vaccine-locations
523 St Clair Ave W,523 St. Clair Ave. West - Shoppers Drug Mart,"Toronto, ON",M6C 1A1,2021-03-10,https://covid-19.ontario.ca/vaccine-locations
5230 Dundas St W,5230 Dundas Street West  - Shoppers Drug Mart,"Etobicoke, ON",M9B 1A8,2021-03-10,https://covid-19.ontario.ca/vaccine-locations
524 Queen St W,524 Queen St. West - Shoppers Drug Mart,"Toronto, ON",M5V 2B5,2021-03-10,https://covid-19.ontario.ca/vaccine-locations
5357 Fernbank Rd,Wal-Mart Pharmacy,"Kanata, ON",K2S 0T7,2021-03-29,https://covid-19.ontario.ca/vaccine-locations
538 Park St,Loblaw Pharmacy,"Kenora, ON",P9N 1A1,2021-03-29,https://covid-19.ontario.ca/vaccine-locations
539 Parliament St,539 Parliament Street - Rexall,"Toronto, ON",M4X 1P7,2021-03-10,https://covid-19.ontario.ca/vaccine-locations
5415 Tecumseh Rd E Unit 501,Central Drug Mart,"Windsor, ON",N8T 1C5,2021-03-10,https://covid-19.ontario.ca/vaccine-locations
5425 Creditview Rd Unit 1,5425 Creditview Road #1 - Shoppers Drug Mart,"Mississauga, ON",L5V 2P3,2021-03-29,https://covid-19.ontario.ca/vaccine-locations
545 Steeles Ave W Unit A01,Rexall,"Brampton, ON",L6Y 4E7,2021-04-03,https://covid-19.ontario.ca/vaccine-locations
5460 Yonge St Unit 106,Dynasty Pharmacy,"Toronto, ON",M2N 6K7,2021-03-10,https://web.archive.org/web/20210310100031/https://covid-19.ontario.ca/vaccine-locations/
5460 Yonge St Unit 106 N,Dynasty Pharmacy,"York, ON",M2N 6K7,2021-03-11,https://covid-19.ontario.ca/vaccine-locations
55 Angeline St N Unit 4A,Kawartha Lakes Pharmacy,"Lindsay, ON",K9V 5B7,2021-04-02,https://covid-19.ontario.ca/vaccine-locations
55 Bloor St W,55 Bloor St. West - Shoppers Drug Mart,"Toronto, ON",M4W 1A5,2021-03-10,https://covid-19.ontario.ca/vaccine-locations
55 Hwy 118 W,Rexall,"Bracebridge, ON",P1L 1T2,2021-03-29,https://covid-19.ontario.ca/vaccine-locations
550 Hwy 7 E Unit 95D Richmond,Times Pharmacy,"Hill, ON",L4B 3Z4,2021-03-29,https://covid-19.ontario.ca/vaccine-locations
557 Church St,Well+Good Pharmacy,"Toronto, ON",M4Y 2E2,2021-03-10,https://covid-19.ontario.ca/vaccine-locations
5602 Tenth Line W Unit 101,5602 Tenth Line West #101 - Shoppers Drug Mart,"Mississauga, ON",L5M 5S5,2021-03-29,https://covid-19.ontario.ca/vaccine-locations
5612 Main St,Metro Pharmacy,"Stouffville, ON",L4A 8B7,2021-03-29,https://covid-19.ontario.ca/vaccine-locations
565 Sherbourne St Unit 40,565 Sherbourne Street - Shoppers Drug Mart,"Toronto, ON",M4X 1W7,2021-03-10,https://covid-19.ontario.ca/vaccine-locations
5650 Yonge St Unit 17 N,"5650 Yonge St, Unit 17 - Rexall","York, ON",M2M 4G3,2021-03-29,https://covid-19.ontario.ca/vaccine-locations
567 Essa Rd,Rexall Pharma Plus,"Barrie, ON",L4N 6A9,2021-03-29,https://covid-19.ontario.ca/vaccine-locations
5671 Steeles Ave E,5671 Steeles Ave. East - Shoppers Drug Mart,"Scarborough, ON",M1V 5P6,2021-03-10,https://covid-19.ontario.ca/vaccine-locations
585 Queen St W,Loblaw Pharmacy,"Toronto, ON",M5V 2B7,2021-03-29,https://covid-19.ontario.ca/vaccine-locations
5881 Malden Rd,5881 Malden Road - Rexall,"LaSalle, ON",N9H 1S5,2021-03-10,https://covid-19.ontario.ca/vaccine-locations
5890 Malden Rd,5890 Malden Road - Loblaw,"LaSalle, ON",N9H 1S4,2021-03-10,https://covid-19.ontario.ca/vaccine-locations
5900 Rodeo Dr,Costco Pharmacy,"Mississauga, ON",L5R 3S9,2021-03-29,https://covid-19.ontario.ca/vaccine-locations
595 Bay St,595 Bay Street - Rexall,"Toronto, ON",M5G 2C2,2021-03-10,https://covid-19.ontario.ca/vaccine-locations
595 S Pelham Rd,Shoppers Drug Mart,"Welland, ON",L3C 3C7,2021-04-02,https://covid-19.ontario.ca/vaccine-locations
5979 Baldwin St S,Shoppers Drug Mart,"Brooklin, ON",L1M 2J7,2021-03-29,https://covid-19.ontario.ca/vaccine-locations
598 Sheppard Ave W N,Shoppers Drug Mart,"York, ON",M3H 2S1,2021-03-29,https://covid-19.ontario.ca/vaccine-locations
5995 14th Ave Unit A2B,Markham Healthplex Pharmacy,"Markham, ON",L3S 0A2,2021-03-29,https://covid-19.ontario.ca/vaccine-locations
5995 Steeles Ave E,5995 Steeles Avenue East - Walmart,"Scarborough, ON",M1V 5P6,2021-03-10,https://covid-19.ontario.ca/vaccine-locations
5998 Bathurst St N,5998 Bathurst St. - Shoppers Drug Mart,"York, ON",M2R 1Z1,2021-03-10,https://covid-19.ontario.ca/vaccine-locations
6 River Dr Unit 1,Angus Borden Guardian Pharmacy,"Angus, ON",L0M 1B2,2021-03-29,https://covid-19.ontario.ca/vaccine-locations
6 Welwood Rd,Wal-Mart Pharmacy,"Uxbridge, ON",L9P 1X4,2021-03-29,https://covid-19.ontario.ca/vaccine-locations
60 Carlton St,60 Carlton Street - Loblaw,"Toronto, ON",M5B 1L1,2021-03-10,https://covid-19.ontario.ca/vaccine-locations
60 Hatt St,Rexall,"Dundas, ON",L9H 7T6,2021-03-29,https://covid-19.ontario.ca/vaccine-locations
60 Ontario St Port,Port Hope Pharmasave,"Hope, ON",L1A 2T8,2021-03-29,https://covid-19.ontario.ca/vaccine-locations
60 Quarry Edge Dr,Drugstore Pharmacy,"Brampton, ON",L6V 1K2,2021-03-29,https://covid-19.ontario.ca/vaccine-locations
600 Caledonia Rd,New Caledonia Pharmacy,"Toronto, ON",M6E 4V5,2021-03-10,https://covid-19.ontario.ca/vaccine-locations
600 Grandview St S,Lovell Drugs,"Oshawa, ON",L1H 8P4,2021-03-29,https://covid-19.ontario.ca/vaccine-locations
600 Mitchell Rd,Listowel Remedy's Rx,"Listowel, ON",N4W 3T1,2021-03-29,https://covid-19.ontario.ca/vaccine-locations
600 Murphy Rd,Loblaw Pharmacy,"Sarnia, ON",N7S 2X1,2021-03-29,https://covid-19.ontario.ca/vaccine-locations
600 Ouellette Ave,600 Ouellette Ave. - Shoppers Drug Mart,"Windsor, ON",N9A 6Z3,2021-03-10,https://covid-19.ontario.ca/vaccine-locations
600 The E Mall Unit 1,600 The East Mall Unit 1 - Shoppers Drug Mart,"Etobicoke, ON",M9B 4S1,2021-03-10,https://covid-19.ontario.ca/vaccine-locations
600 University Ave,600 University Avenue - Rexall,"Toronto, ON",M5G 1X5,2021-03-10,https://covid-19.ontario.ca/vaccine-locations
6020 Malden Rd,6020 Malden Rd. - Shoppers Drug Mart,"LaSalle, ON",N9H 1S8,2021-03-10,https://covid-19.ontario.ca/vaccine-locations
603 Fanshawe Park Rd W,Shoppers Drug Mart,"London, ON",N6G 5B3,2021-03-29,https://covid-19.ontario.ca/vaccine-locations
614 Coronation Blvd,Med Health Pharmacy,"Cambridge, ON",N1R 3E8,2021-03-29,https://covid-19.ontario.ca/vaccine-locations
617 Victoria St W Unit 9,Lovell Drugs,"Whitby, ON",L1N 0E4,2021-03-29,https://covid-19.ontario.ca/vaccine-locations
62 Thames Rd E,Drug Store Pharmacy,"Exeter, ON",N0M 1S3,2021-03-29,https://covid-19.ontario.ca/vaccine-locations
620 Arthur St W Thunder,Oak Medical Pharmacy,"Bay, ON",P7E 5R8,2021-03-29,https://covid-19.ontario.ca/vaccine-locations
620 Keele St,620 Keele St. - Shoppers Drug Mart,"Toronto, ON",M6N 3E2,2021-03-10,https://covid-19.ontario.ca/vaccine-locations
620 Yonge St,Drugstore Pharmacy,"Barrie, ON",L4N 4E5,2021-03-29,https://covid-19.ontario.ca/vaccine-locations
6205 Bathurst St N,6205 Bathurst St. - Shoppers Drug Mart,"York, ON",M2R 2A5,2021-03-10,https://covid-19.ontario.ca/vaccine-locations
6212 Main St Suite 102,Stouffville IDA Pharmacy,"Stouffville, ON",L4A 2S5,2021-03-29,https://covid-19.ontario.ca/vaccine-locations
6220 Yonge St N,6220 YONGE ST - Loblaw,"York, ON",M2M 3X4,2021-03-10,https://covid-19.ontario.ca/vaccine-locations
629 Markham Rd,629 Markham Road - Shoppers Drug Mart,"Scarborough, ON",M1H 2A4,2021-03-10,https://covid-19.ontario.ca/vaccine-locations
63 Front St E,63 Front Street East - Rexall,"Toronto, ON",M5E 1B3,2021-03-10,https://covid-19.ontario.ca/vaccine-locations
63 Wellesley St E,63 Wellesley Street E. - Rexall,"Toronto, ON",M4Y 1G7,2021-03-10,https://covid-19.ontario.ca/vaccine-locations
640 King St W,Peters Drugs PharmaChoice,"Kingston, ON",K7M 2E5,2021-03-10,https://covid-19.ontario.ca/vaccine-locations
640 Mohawk Rd W Unit 21,Rexall,"Hamilton, ON",L9C 1X6,2021-03-29,https://covid-19.ontario.ca/vaccine-locations
6420 Beatty Line N Suite 101,Trailside Pharmacy,"Fergus, ON",N1M 2W3,2021-03-29,https://covid-19.ontario.ca/vaccine-locations
6428 Yonge St N,6428 Yonge St. - Shoppers Drug Mart,"York, ON",M2M 3X4,2021-03-10,https://covid-19.ontario.ca/vaccine-locations
6484 Lundys Lane Niagara,Rexall,"Falls, ON",L2G 1T6,2021-03-29,https://covid-19.ontario.ca/vaccine-locations
65 Kirkham Dr,Costco Pharmacy,"Markham, ON",L3S 0A9,2021-03-29,https://covid-19.ontario.ca/vaccine-locations
650 Kingston Rd,Shoppers Drug Mart,"Pickering, ON",L1V 3N7,2021-03-29,https://covid-19.ontario.ca/vaccine-locations
6541 Derry Rd,Rexall,"Milton, ON",L9T 7W1,2021-03-29,https://covid-19.ontario.ca/vaccine-locations
658 Second Line W Unit 3 Sault Ste,West End Pharmacy,"Marie, ON",P6C 2K9,2021-03-29,https://covid-19.ontario.ca/vaccine-locations
66 Wellington St W Unit 10,66 Wellington St. West - Shoppers Drug Mart,"Toronto, ON",M5K 1A1,2021-03-10,https://covid-19.ontario.ca/vaccine-locations
666 Burnhamthorpe Rd,666 Burnhamthorpe Rd. - Shoppers Drug Mart,"Etobicoke, ON",M9C 2Z4,2021-03-10,https://covid-19.ontario.ca/vaccine-locations
666 Woolwich St Unit 140,Rexall,"Guelph, ON",N1H 7G5,2021-03-29,https://covid-19.ontario.ca/vaccine-locations
6680 Drummond Rd Niagara,Boggio & Mackinnon Pharmacy,"Falls, ON",L2G 4P1,2021-03-29,https://covid-19.ontario.ca/vaccine-locations
670 Applewood Crescent,Wal-Mart Pharmacy,"Vaughan, ON",L4K 0L4,2021-03-29,https://covid-19.ontario.ca/vaccine-locations
6758 Kingston Rd Unit 8,Rylander Pharmasave,"Toronto, ON",M1B 1G8,2021-03-10,https://covid-19.ontario.ca/vaccine-locations
680 Eagleson Rd,Shoppers Drug Mart,"Kanata, ON",K2M 2G9,2021-03-29,https://covid-19.ontario.ca/vaccine-locations
681 Algonquin Blvd E Unit 5,Shoppers Drug Mart,"Timmins, ON",P4N 8S6,2021-03-29,https://covid-19.ontario.ca/vaccine-locations
681 Silver Star Blvd,Nofrills,"Scarborough, ON",M1V 5N1,2021-04-03,https://covid-19.ontario.ca/vaccine-locations
681 Silver Start Blvd,681 Silver Star Boulevard - Loblaw,"Scarborough, ON",M1V 5N1,2021-03-10,https://web.archive.org/web/20210310100031/https://covid-19.ontario.ca/vaccine-locations/
685 McCowan Rd,Shoppers Drug Mart,"Scarborough, ON",M1J 1K2,2021-03-29,https://covid-19.ontario.ca/vaccine-locations
69 King St E,69 King St. East - Shoppers Drug Mart,"Harrow, ON",N0R 1G0,2021-03-10,https://covid-19.ontario.ca/vaccine-locations
69 Yonge St,69 Yonge St. - Shoppers Drug Mart,"Toronto, ON",M5E 1K3,2021-03-10,https://covid-19.ontario.ca/vaccine-locations
693 Wonderland Rd N,Costco Pharmacy,"London, ON",N6H 4L1,2021-03-29,https://covid-19.ontario.ca/vaccine-locations
6951 Derry Rd W,Shoppers Drug Mart,"Milton, ON",L9T 7H5,2021-03-29,https://covid-19.ontario.ca/vaccine-locations
7 Hickson Ave,CATP Kingston,"Kingston, ON",K7K 2N4,2021-03-10,https://covid-19.ontario.ca/vaccine-locations
70 Eglinton Square Blvd,Shoppers Drug Mart,"Toronto, ON",M1L 2K1,2021-03-29,https://covid-19.ontario.ca/vaccine-locations
70 Island Rd,Drugstore Pharmacy,"Scarborough, ON",M1C 2P5,2021-03-29,https://covid-19.ontario.ca/vaccine-locations
700 Terry Fox Dr,Sobeys Pharmacy,"Kanata, ON",K2L 4H4,2021-03-29,https://covid-19.ontario.ca/vaccine-locations
7034 Tecumseh Rd Stoney,Healthpoint Pharmacy and Clinic,"Point, ON",N0R 1N0,2021-03-10,https://covid-19.ontario.ca/vaccine-locations
7040 Yonge St Unit E1,Galleria Pharmacy,"Thornhill, ON",L4J 1V7,2021-03-29,https://covid-19.ontario.ca/vaccine-locations
7070 Mclaughlin Rd,7070 Mclaughlin Road - Shoppers Drug Mart,"Mississauga, ON",L5W 1W7,2021-03-29,https://covid-19.ontario.ca/vaccine-locations
71 Colossus Dr,Costco Pharmacy,"Woodbridge, ON",L4L 9J8,2021-03-29,https://covid-19.ontario.ca/vaccine-locations
71 Sandwich St S,71 Sandwich Street S. - Rexall,"Amherstburg, ON",N9V 1Z5,2021-03-10,https://covid-19.ontario.ca/vaccine-locations
710 Tower St S,Shoppers Drug Mart,"Fergus, ON",N1M 2R3,2021-03-29,https://covid-19.ontario.ca/vaccine-locations
7100 Tecumseth Rd E,7100 Tecumseh Road East - Walmart,"Windsor, ON",N8T 1E6,2021-03-10,https://covid-19.ontario.ca/vaccine-locations
72 Grand River St N,Rexall,"Paris, ON",N3L 2M2,2021-03-29,https://covid-19.ontario.ca/vaccine-locations
720 Spadina Ave Unit 100,Pharmasave,"Toronto, ON",M5S 2T9,2021-03-10,https://covid-19.ontario.ca/vaccine-locations
7201 Tecumseh Rd E,7201 Tecumseh Rd. East - Loblaw,"Windsor, ON",N8T 3K4,2021-03-10,https://covid-19.ontario.ca/vaccine-locations
7205 Goreway Dr,7205 Goreway Drive - Shoppers Drug Mart,"Mississauga, ON",L4T 2T9,2021-03-29,https://covid-19.ontario.ca/vaccine-locations
723 Rymal Rd W Unit 200,Westmount Pharmacy,"Hamilton, ON",L9B 2N9,2021-03-29,https://covid-19.ontario.ca/vaccine-locations
725 College St,725 College St. - Shoppers Drug Mart,"Toronto, ON",M6G 1C5,2021-03-10,https://covid-19.ontario.ca/vaccine-locations
728 Anderson St,Pringle Creek Pharmasave,"Whitby, ON",L1N 3V6,2021-03-29,https://covid-19.ontario.ca/vaccine-locations
728 Milford Dr,Milford Pharmacy,"Kingston, ON",K7P 1C6,2021-03-10,https://covid-19.ontario.ca/vaccine-locations
73 Strathy Rd,Wal-Mart Pharmacy,"Cobourg, ON",K9A 5J7,2021-03-29,https://covid-19.ontario.ca/vaccine-locations
736 Wilson Ave,Nhatrang Drug Mart,"Toronto, ON",M3K 1E2,2021-03-10,https://covid-19.ontario.ca/vaccine-locations
7481 Oakwood Dr Niagara,Wal-Mart Pharmacy,"Falls, ON",L2E 6S5,2021-03-29,https://covid-19.ontario.ca/vaccine-locations
75 Bayly St W,Health-Rite Pharmacy,"Ajax, ON",L1S 7K7,2021-03-29,https://covid-19.ontario.ca/vaccine-locations
75 Centennial Parkway N,75 Centennial Parkway North - Shoppers Drug Mart,"Hamilton, ON",L8E 2P2,2021-03-29,https://covid-19.ontario.ca/vaccine-locations
7500 Pin Oak Dr Niagara,Costco Pharmacy,"Falls, ON",L2H 2E9,2021-03-29,https://covid-19.ontario.ca/vaccine-locations
753 Notre Dame St,Embrun Remedy's Rx,"Embrun, ON",K0A 1W0,2021-03-29,https://covid-19.ontario.ca/vaccine-locations
755 Danforth Ave,755 Danforth Ave. - Shoppers Drug Mart,"Toronto, ON",M4J 1L2,2021-03-10,https://covid-19.ontario.ca/vaccine-locations
759 Mount Pleasant Rd,759 Mount Pleasant Rd. - Shoppers Drug Mart,"Toronto, ON",M4S 2N4,2021-03-10,https://covid-19.ontario.ca/vaccine-locations
76 Arlington Dr Unit C,Rexall,"Keswick, ON",L4P 0A9,2021-03-29,https://covid-19.ontario.ca/vaccine-locations
76 Stuart St,Clinic Pharmacy,"Kingston, ON",K7L 2V7,2021-03-10,https://covid-19.ontario.ca/vaccine-locations
760 Hwy 15 Unit 13,Barriefield Pharmasave,"Kingston, ON",K7L 0C3,2021-03-10,https://covid-19.ontario.ca/vaccine-locations
761 King St W,761 King St. West - Shoppers Drug Mart,"Toronto, ON",M5V 1N4,2021-03-10,https://covid-19.ontario.ca/vaccine-locations
770 Lawrence Ave W N,770 Lawrence Ave West - Shoppers Drug Mart,"York, ON",M6A 3C6,2021-03-10,https://covid-19.ontario.ca/vaccine-locations
770 Silver Seven Rd,Costco Pharmacy,"Kanata, ON",K2V 1A5,2021-03-29,https://covid-19.ontario.ca/vaccine-locations
7720 Tecumseh Rd E,7720 Tecumseh Road East - Shoppers Drug Mart,"Windsor, ON",N8T 1E9,2021-03-10,https://covid-19.ontario.ca/vaccine-locations
775 Strand Blvd,775 Strand Blvd. - Shoppers Drug Mart,"Kingston, ON",K7P 2S7,2021-03-10,https://covid-19.ontario.ca/vaccine-locations
777 Bay St Unit C 216,777 Bay Street - Rexall,"Toronto, ON",M5G 2C8,2021-03-10,https://covid-19.ontario.ca/vaccine-locations
789 Princess St,Frontenac Medical Pharmacy,"Kingston, ON",K7L 1E9,2021-03-10,https://covid-19.ontario.ca/vaccine-locations
794 Sheppard Ave E,Raymond Wing Chiu Chan Drug Ltd.,"Toronto, ON",M2K 1C3,2021-03-10,https://covid-19.ontario.ca/vaccine-locations
795 Gardiners Rd Unit 6,Medical Tree,"Kingston, ON",K7M 7E6,2021-03-10,https://covid-19.ontario.ca/vaccine-locations
797 Princess St,797 Princess St. - Shoppers Drug Mart,"Kingston, ON",K7L 1G1,2021-03-10,https://covid-19.ontario.ca/vaccine-locations
7975 Yonge St,Rexall Pharma Plus,"Innisfil, ON",L9S 1A8,2021-03-29,https://covid-19.ontario.ca/vaccine-locations
7980 Menard St,7980 Menard St. - Shoppers Drug Mart,"Windsor, ON",N8S 1V9,2021-03-10,https://covid-19.ontario.ca/vaccine-locations
799 Milner Ave,799 Milner Ave - Walmart,"Scarborough, ON",M1B 3C3,2021-03-10,https://covid-19.ontario.ca/vaccine-locations
80 Main St E,Pharmacie Jean Coutu,"Hawkesbury, ON",K6A 1A3,2021-03-29,https://covid-19.ontario.ca/vaccine-locations
800 Niagara St N Unit H2,Shoppers Drug Mart,"Welland, ON",L3C 5Z4,2021-03-29,https://covid-19.ontario.ca/vaccine-locations
800 Princess St,Medical Arts Pharmacy,"Kingston, ON",K7L 5E4,2021-03-10,https://covid-19.ontario.ca/vaccine-locations
8000 Bathurst St,8000 Bathurst St. - Shoppers Drug Mart,"Thornhill, ON",L4J 0B8,2021-03-29,https://covid-19.ontario.ca/vaccine-locations
81 St Clair Ave E Unit 220,Ava Pharmacy,"Toronto, ON",M4T 1M7,2021-03-29,https://covid-19.ontario.ca/vaccine-locations
81 St Clair Ave E unit 220,Ava Pharmacy,"Toronto, ON",M4T 1M7,2021-03-10,https://web.archive.org/web/20210310100031/https://covid-19.ontario.ca/vaccine-locations/
812 OConnor Dr,812 O'Connor Dr. - Shoppers Drug Mart,"Toronto, ON",M4B 2S9,2021-03-10,https://covid-19.ontario.ca/vaccine-locations
815 High St Unit 9,High St. Guardian Pharmacy,"Peterborough, ON",K9J 8J9,2021-03-29,https://covid-19.ontario.ca/vaccine-locations
817 Edgar St,817 Edgar Street - Rexall,"Kingston, ON",K7M 8Y4,2021-03-10,https://covid-19.ontario.ca/vaccine-locations
821 Niagara St N,Loblaw Pharmacy,"Welland, ON",L3C 1M4,2021-03-29,https://covid-19.ontario.ca/vaccine-locations
823 Hwy 15,823 Highway 15 - Shoppers Drug Mart,"Kingston, ON",K7L 4V3,2021-03-10,https://covid-19.ontario.ca/vaccine-locations
825 Coxwell Ave Unit C114,825 Coxwell Ave. - Pharmasave,"Toronto, ON",M4C 3E7,2021-03-10,https://covid-19.ontario.ca/vaccine-locations
825 Don Mills Rd,825 Don Mills Road - Loblaw,"Toronto, ON",M3C 1V4,2021-03-10,https://covid-19.ontario.ca/vaccine-locations
8300 Hwy 27,8300 Highway 27 - Walmart,"Woodbridge, ON",L4H 0R9,2021-03-29,https://covid-19.ontario.ca/vaccine-locations
840 Coxwell Ave Unit 102,East York Pharmasave,"Toronto, ON",M4C 5T2,2021-03-10,https://covid-19.ontario.ca/vaccine-locations
840 March Rd,Sobeys Pharmacy,"Kanata, ON",K2K 1X7,2021-03-29,https://covid-19.ontario.ca/vaccine-locations
842 Wilson Ave,Lefko Pharmasave #794,"Toronto, ON",M3K 1E5,2021-03-10,https://covid-19.ontario.ca/vaccine-locations
85 Ellesmere Rd Unit 31,85 Ellesmere Rd. - Shoppers Drug Mart,"Scarborough, ON",M1R 4B7,2021-03-10,https://covid-19.ontario.ca/vaccine-locations
8601 Warden Ave,Shoppers Drug Mart,"Markham, ON",L3R 8W3,2021-03-29,https://covid-19.ontario.ca/vaccine-locations
87 Ave Rd,87 Avenue Road - Rexall,"Toronto, ON",M5R 3R9,2021-03-10,https://covid-19.ontario.ca/vaccine-locations
88 Queens Quay W,88 Queens Quay West - Rexall,"Toronto, ON",M5J 0B8,2021-03-10,https://covid-19.ontario.ca/vaccine-locations
89 Jim Kimmett Blvd,89 Jim Kimmett Boulevard - Walmart,"Napanee, ON",K7R 3L1,2021-03-10,https://covid-19.ontario.ca/vaccine-locations
891 Broadview Ave,Pharmacare Drug Mart,"Toronto, ON",M4K 2P9,2021-03-10,https://covid-19.ontario.ca/vaccine-locations
90 Bowes St Parry,Shoppers Drug Mart,"Sound, ON",P2A 2L7,2021-04-02,https://covid-19.ontario.ca/vaccine-locations
900 Fairway Crescent Unit 5,Fairway Lackner Pharmacy,"Kitchener, ON",N2A 0A1,2021-03-29,https://covid-19.ontario.ca/vaccine-locations
900 Watters Rd Unit 13,Crown Pointe Pharmacy,"Orleans, ON",K4A 0B4,2021-03-29,https://covid-19.ontario.ca/vaccine-locations
901 Eglinton Ave W,901 Eglinton Avenue West  - Rexall,"Toronto, ON",M6C 2C1,2021-03-10,https://covid-19.ontario.ca/vaccine-locations
901 Red River Rd Thunder,Shoppers Drug Mart,"Bay, ON",P7B 1K3,2021-03-29,https://covid-19.ontario.ca/vaccine-locations
91 Rylander Blvd Unit 1022,91 Rylander Blvd. - Shoppers Drug Mart,"Scarborough, ON",M1B 5M5,2021-03-10,https://covid-19.ontario.ca/vaccine-locations
910 Dundas St W,Shoppers Drug Mart,"Whitby, ON",L1P 1P7,2021-03-29,https://covid-19.ontario.ca/vaccine-locations
9186 Hwy 93,Shoppers Drug Mart,"Midland, ON",L4R 4K4,2021-03-29,https://covid-19.ontario.ca/vaccine-locations
930 N Park Dr,930 North Park Drive - Shoppers Drug Mart,"Brampton, ON",L6S 3Y5,2021-03-29,https://covid-19.ontario.ca/vaccine-locations
930 Upper Paradise Rd 13,Rexall,"Hamilton, ON",L9B 2N1,2021-03-29,https://covid-19.ontario.ca/vaccine-locations
9305 Hwy 48,Drug Store Pharmacy,"Markham, ON",L6E 0E6,2021-03-29,https://covid-19.ontario.ca/vaccine-locations
9306 Bathurst St,Shoppers Drug Mart,"Vaughan, ON",L6A 4N9,2021-03-29,https://covid-19.ontario.ca/vaccine-locations
9325 Yonge St Richmond,Uptown Apothecary,"Hill, ON",L4C 0A8,2021-03-29,https://covid-19.ontario.ca/vaccine-locations
944 Kingston Rd,Lawlor Pharmasave,"Toronto, ON",M4E 1S7,2021-03-10,https://covid-19.ontario.ca/vaccine-locations
945 Gardiners Rd Unit L074,945 Gardinders Road - Shoppers Drug Mart,"Kingston, ON",K7M 7H4,2021-03-10,https://covid-19.ontario.ca/vaccine-locations
95 Times Ave Unit C2,St Mary Pharmacy,"Thornhill, ON",L3T 0A2,2021-03-29,https://covid-19.ontario.ca/vaccine-locations
955 Wney Rd S Unit 7,Rexall,"Ajax, ON",L1S 3K7,2021-03-29,https://covid-19.ontario.ca/vaccine-locations
958 Bloor St W,958 Bloor St. West - Shoppers Drug Mart,"Toronto, ON",M6H 1L6,2021-03-10,https://covid-19.ontario.ca/vaccine-locations
9580 McCowan Rd,Freshco Pharmacy,"Markham, ON",L3P 3J3,2021-03-29,https://covid-19.ontario.ca/vaccine-locations
959 Dundas St E,Shoppers Drug Mart,"Woodstock, ON",N4S 1H2,2021-03-29,https://covid-19.ontario.ca/vaccine-locations
9625 Yonge St Richmond,Rexall,"Hill, ON",L4C 5T2,2021-03-29,https://covid-19.ontario.ca/vaccine-locations
97 Main St,Pharma Plus,"Picton, ON",K0K 2T0,2021-03-29,https://covid-19.ontario.ca/vaccine-locations
970 Queen St E,970 Queen St. East - Shoppers Drug Mart,"Toronto, ON",M4M 1J8,2021-03-10,https://covid-19.ontario.ca/vaccine-locations
98 Copper Creek Dr,Morelli's Pharmacy,"Markham, ON",L6B 0P2,2021-03-29,https://covid-19.ontario.ca/vaccine-locations
980 OBrien Rd RR 1,Wal-Mart Pharmacy,"Renfrew, ON",K7V 3Z4,2021-03-29,https://covid-19.ontario.ca/vaccine-locations
99 Kakulu Rd Unit 101,Kanata Pharmasave,"Kanata, ON",K2L 3C8,2021-03-29,https://covid-19.ontario.ca/vaccine-locations
990 River Rd,Paul's Pharmasave,"Manotick, ON",K4M 1B9,2021-03-29,https://covid-19.ontario.ca/vaccine-locations
997 Gerrard St E,Total Health Pharmacy,"Toronto, ON",M4M 1Z4,2021-03-10,https://covid-19.ontario.ca/vaccine-locations
9980 Dufferin St,Shoppers Drug Mart,"Maple, ON",L6A 4K5,2021-03-29,https://covid-19.ontario.ca/vaccine-locations
