CFSAUID,PRUID,PRNAME,all_pharmacies,covid_vaccine_pharmacies,covid_pharms
B0S,"12",Nova Scotia / Nouvelle-Écosse,"0","0",0.000
B0T,"12",Nova Scotia / Nouvelle-Écosse,"0","0",0.000
B0V,"12",Nova Scotia / Nouvelle-Écosse,"0","0",0.000
B0W,"12",Nova Scotia / Nouvelle-Écosse,"0","0",0.000
B1S,"12",Nova Scotia / Nouvelle-Écosse,"0","0",0.000
B1T,"12",Nova Scotia / Nouvelle-Écosse,"0","0",0.000
B1V,"12",Nova Scotia / Nouvelle-Écosse,"0","0",0.000
B1W,"12",Nova Scotia / Nouvelle-Écosse,"0","0",0.000
B1X,"12",Nova Scotia / Nouvelle-Écosse,"0","0",0.000
B1Y,"12",Nova Scotia / Nouvelle-Écosse,"0","0",0.000
B1A,"12",Nova Scotia / Nouvelle-Écosse,"0","0",0.000
B1B,"12",Nova Scotia / Nouvelle-Écosse,"0","0",0.000
B1C,"12",Nova Scotia / Nouvelle-Écosse,"0","0",0.000
B1E,"12",Nova Scotia / Nouvelle-Écosse,"0","0",0.000
B1G,"12",Nova Scotia / Nouvelle-Écosse,"0","0",0.000
B1H,"12",Nova Scotia / Nouvelle-Écosse,"0","0",0.000
B1J,"12",Nova Scotia / Nouvelle-Écosse,"0","0",0.000
B1K,"12",Nova Scotia / Nouvelle-Écosse,"0","0",0.000
B1L,"12",Nova Scotia / Nouvelle-Écosse,"0","0",0.000
B1M,"12",Nova Scotia / Nouvelle-Écosse,"0","0",0.000
B1N,"12",Nova Scotia / Nouvelle-Écosse,"0","0",0.000
B1P,"12",Nova Scotia / Nouvelle-Écosse,"0","0",0.000
B1R,"12",Nova Scotia / Nouvelle-Écosse,"0","0",0.000
A0A,"10",Newfoundland and Labrador / Terre-Neuve-et-Labrador,"0","0",0.000
A0B,"10",Newfoundland and Labrador / Terre-Neuve-et-Labrador,"0","0",0.000
A0C,"10",Newfoundland and Labrador / Terre-Neuve-et-Labrador,"0","0",0.000
A0E,"10",Newfoundland and Labrador / Terre-Neuve-et-Labrador,"0","0",0.000
A0G,"10",Newfoundland and Labrador / Terre-Neuve-et-Labrador,"0","0",0.000
A0H,"10",Newfoundland and Labrador / Terre-Neuve-et-Labrador,"0","0",0.000
A0J,"10",Newfoundland and Labrador / Terre-Neuve-et-Labrador,"0","0",0.000
A0K,"10",Newfoundland and Labrador / Terre-Neuve-et-Labrador,"0","0",0.000
A0L,"10",Newfoundland and Labrador / Terre-Neuve-et-Labrador,"0","0",0.000
A0M,"10",Newfoundland and Labrador / Terre-Neuve-et-Labrador,"0","0",0.000
A0N,"10",Newfoundland and Labrador / Terre-Neuve-et-Labrador,"0","0",0.000
A0P,"10",Newfoundland and Labrador / Terre-Neuve-et-Labrador,"0","0",0.000
A0R,"10",Newfoundland and Labrador / Terre-Neuve-et-Labrador,"0","0",0.000
A1A,"10",Newfoundland and Labrador / Terre-Neuve-et-Labrador,"0","0",0.000
A1B,"10",Newfoundland and Labrador / Terre-Neuve-et-Labrador,"0","0",0.000
A1C,"10",Newfoundland and Labrador / Terre-Neuve-et-Labrador,"0","0",0.000
A1E,"10",Newfoundland and Labrador / Terre-Neuve-et-Labrador,"0","0",0.000
A1G,"10",Newfoundland and Labrador / Terre-Neuve-et-Labrador,"0","0",0.000
A1H,"10",Newfoundland and Labrador / Terre-Neuve-et-Labrador,"0","0",0.000
A1K,"10",Newfoundland and Labrador / Terre-Neuve-et-Labrador,"0","0",0.000
A1L,"10",Newfoundland and Labrador / Terre-Neuve-et-Labrador,"0","0",0.000
A1M,"10",Newfoundland and Labrador / Terre-Neuve-et-Labrador,"0","0",0.000
A1N,"10",Newfoundland and Labrador / Terre-Neuve-et-Labrador,"0","0",0.000
A1S,"10",Newfoundland and Labrador / Terre-Neuve-et-Labrador,"0","0",0.000
A1V,"10",Newfoundland and Labrador / Terre-Neuve-et-Labrador,"0","0",0.000
A1W,"10",Newfoundland and Labrador / Terre-Neuve-et-Labrador,"0","0",0.000
A1X,"10",Newfoundland and Labrador / Terre-Neuve-et-Labrador,"0","0",0.000
A1Y,"10",Newfoundland and Labrador / Terre-Neuve-et-Labrador,"0","0",0.000
A2A,"10",Newfoundland and Labrador / Terre-Neuve-et-Labrador,"0","0",0.000
A2H,"10",Newfoundland and Labrador / Terre-Neuve-et-Labrador,"0","0",0.000
A2N,"10",Newfoundland and Labrador / Terre-Neuve-et-Labrador,"0","0",0.000
A2V,"10",Newfoundland and Labrador / Terre-Neuve-et-Labrador,"0","0",0.000
A5A,"10",Newfoundland and Labrador / Terre-Neuve-et-Labrador,"0","0",0.000
A8A,"10",Newfoundland and Labrador / Terre-Neuve-et-Labrador,"0","0",0.000
B0C,"12",Nova Scotia / Nouvelle-Écosse,"0","0",0.000
B0E,"12",Nova Scotia / Nouvelle-Écosse,"0","0",0.000
B0H,"12",Nova Scotia / Nouvelle-Écosse,"0","0",0.000
B0J,"12",Nova Scotia / Nouvelle-Écosse,"0","0",0.000
B0K,"12",Nova Scotia / Nouvelle-Écosse,"0","0",0.000
B0L,"12",Nova Scotia / Nouvelle-Écosse,"0","0",0.000
B0M,"12",Nova Scotia / Nouvelle-Écosse,"0","0",0.000
B0N,"12",Nova Scotia / Nouvelle-Écosse,"0","0",0.000
B0P,"12",Nova Scotia / Nouvelle-Écosse,"0","0",0.000
B0R,"12",Nova Scotia / Nouvelle-Écosse,"0","0",0.000
E2V,"13",New Brunswick / Nouveau-Brunswick,"0","0",0.000
E3N,"13",New Brunswick / Nouveau-Brunswick,"0","0",0.000
E3V,"13",New Brunswick / Nouveau-Brunswick,"0","0",0.000
E3Y,"13",New Brunswick / Nouveau-Brunswick,"0","0",0.000
E3Z,"13",New Brunswick / Nouveau-Brunswick,"0","0",0.000
B2A,"12",Nova Scotia / Nouvelle-Écosse,"0","0",0.000
B2C,"12",Nova Scotia / Nouvelle-Écosse,"0","0",0.000
B2E,"12",Nova Scotia / Nouvelle-Écosse,"0","0",0.000
B2G,"12",Nova Scotia / Nouvelle-Écosse,"0","0",0.000
B2H,"12",Nova Scotia / Nouvelle-Écosse,"0","0",0.000
B2J,"12",Nova Scotia / Nouvelle-Écosse,"0","0",0.000
B2N,"12",Nova Scotia / Nouvelle-Écosse,"0","0",0.000
B2R,"12",Nova Scotia / Nouvelle-Écosse,"0","0",0.000
B2S,"12",Nova Scotia / Nouvelle-Écosse,"0","0",0.000
B2T,"12",Nova Scotia / Nouvelle-Écosse,"0","0",0.000
B2V,"12",Nova Scotia / Nouvelle-Écosse,"0","0",0.000
B2W,"12",Nova Scotia / Nouvelle-Écosse,"0","0",0.000
B2Z,"12",Nova Scotia / Nouvelle-Écosse,"0","0",0.000
B3E,"12",Nova Scotia / Nouvelle-Écosse,"0","0",0.000
B3G,"12",Nova Scotia / Nouvelle-Écosse,"0","0",0.000
B3J,"12",Nova Scotia / Nouvelle-Écosse,"0","0",0.000
B2X,"12",Nova Scotia / Nouvelle-Écosse,"0","0",0.000
B2Y,"12",Nova Scotia / Nouvelle-Écosse,"0","0",0.000
B3A,"12",Nova Scotia / Nouvelle-Écosse,"0","0",0.000
B3B,"12",Nova Scotia / Nouvelle-Écosse,"0","0",0.000
B3H,"12",Nova Scotia / Nouvelle-Écosse,"0","0",0.000
B3K,"12",Nova Scotia / Nouvelle-Écosse,"0","0",0.000
B3L,"12",Nova Scotia / Nouvelle-Écosse,"0","0",0.000
B3M,"12",Nova Scotia / Nouvelle-Écosse,"0","0",0.000
B3N,"12",Nova Scotia / Nouvelle-Écosse,"0","0",0.000
B3P,"12",Nova Scotia / Nouvelle-Écosse,"0","0",0.000
B3R,"12",Nova Scotia / Nouvelle-Écosse,"0","0",0.000
B3S,"12",Nova Scotia / Nouvelle-Écosse,"0","0",0.000
B3T,"12",Nova Scotia / Nouvelle-Écosse,"0","0",0.000
B3V,"12",Nova Scotia / Nouvelle-Écosse,"0","0",0.000
B3Z,"12",Nova Scotia / Nouvelle-Écosse,"0","0",0.000
B4A,"12",Nova Scotia / Nouvelle-Écosse,"0","0",0.000
B4B,"12",Nova Scotia / Nouvelle-Écosse,"0","0",0.000
B4C,"12",Nova Scotia / Nouvelle-Écosse,"0","0",0.000
B4E,"12",Nova Scotia / Nouvelle-Écosse,"0","0",0.000
B4H,"12",Nova Scotia / Nouvelle-Écosse,"0","0",0.000
B4G,"12",Nova Scotia / Nouvelle-Écosse,"0","0",0.000
B4N,"12",Nova Scotia / Nouvelle-Écosse,"0","0",0.000
B4P,"12",Nova Scotia / Nouvelle-Écosse,"0","0",0.000
B4R,"12",Nova Scotia / Nouvelle-Écosse,"0","0",0.000
B4V,"12",Nova Scotia / Nouvelle-Écosse,"0","0",0.000
B5A,"12",Nova Scotia / Nouvelle-Écosse,"0","0",0.000
B6L,"12",Nova Scotia / Nouvelle-Écosse,"0","0",0.000
B9A,"12",Nova Scotia / Nouvelle-Écosse,"0","0",0.000
C0A,"11",Prince Edward Island / Île-du-Prince-Édouard,"0","0",0.000
C0B,"11",Prince Edward Island / Île-du-Prince-Édouard,"0","0",0.000
E3L,"13",New Brunswick / Nouveau-Brunswick,"0","0",0.000
C1A,"11",Prince Edward Island / Île-du-Prince-Édouard,"0","0",0.000
C1B,"11",Prince Edward Island / Île-du-Prince-Édouard,"0","0",0.000
C1C,"11",Prince Edward Island / Île-du-Prince-Édouard,"0","0",0.000
C1E,"11",Prince Edward Island / Île-du-Prince-Édouard,"0","0",0.000
C1N,"11",Prince Edward Island / Île-du-Prince-Édouard,"0","0",0.000
E1A,"13",New Brunswick / Nouveau-Brunswick,"0","0",0.000
E1B,"13",New Brunswick / Nouveau-Brunswick,"0","0",0.000
E1C,"13",New Brunswick / Nouveau-Brunswick,"0","0",0.000
G0C,"24",Quebec / Québec,"0","0",0.000
G0E,"24",Quebec / Québec,"0","0",0.000
G0G,"24",Quebec / Québec,"0","0",0.000
G0H,"24",Quebec / Québec,"0","0",0.000
G0J,"24",Quebec / Québec,"0","0",0.000
G0K,"24",Quebec / Québec,"0","0",0.000
G0L,"24",Quebec / Québec,"0","0",0.000
G0M,"24",Quebec / Québec,"0","0",0.000
G0N,"24",Quebec / Québec,"0","0",0.000
G0P,"24",Quebec / Québec,"0","0",0.000
G0R,"24",Quebec / Québec,"0","0",0.000
G0S,"24",Quebec / Québec,"0","0",0.000
G0T,"24",Quebec / Québec,"0","0",0.000
G0V,"24",Quebec / Québec,"0","0",0.000
G0W,"24",Quebec / Québec,"0","0",0.000
G0X,"24",Quebec / Québec,"0","0",0.000
G0Y,"24",Quebec / Québec,"0","0",0.000
G0Z,"24",Quebec / Québec,"0","0",0.000
G1B,"24",Quebec / Québec,"0","0",0.000
G1C,"24",Quebec / Québec,"0","0",0.000
G5V,"24",Quebec / Québec,"0","0",0.000
E1E,"13",New Brunswick / Nouveau-Brunswick,"0","0",0.000
E1G,"13",New Brunswick / Nouveau-Brunswick,"0","0",0.000
E1H,"13",New Brunswick / Nouveau-Brunswick,"0","0",0.000
E1J,"13",New Brunswick / Nouveau-Brunswick,"0","0",0.000
E1N,"13",New Brunswick / Nouveau-Brunswick,"0","0",0.000
E1V,"13",New Brunswick / Nouveau-Brunswick,"0","0",0.000
E1W,"13",New Brunswick / Nouveau-Brunswick,"0","0",0.000
E1X,"13",New Brunswick / Nouveau-Brunswick,"0","0",0.000
E2A,"13",New Brunswick / Nouveau-Brunswick,"0","0",0.000
E2E,"13",New Brunswick / Nouveau-Brunswick,"0","0",0.000
E2G,"13",New Brunswick / Nouveau-Brunswick,"0","0",0.000
E2H,"13",New Brunswick / Nouveau-Brunswick,"0","0",0.000
E2J,"13",New Brunswick / Nouveau-Brunswick,"0","0",0.000
E2K,"13",New Brunswick / Nouveau-Brunswick,"0","0",0.000
E2L,"13",New Brunswick / Nouveau-Brunswick,"0","0",0.000
E2M,"13",New Brunswick / Nouveau-Brunswick,"0","0",0.000
E2N,"13",New Brunswick / Nouveau-Brunswick,"0","0",0.000
E2P,"13",New Brunswick / Nouveau-Brunswick,"0","0",0.000
E2S,"13",New Brunswick / Nouveau-Brunswick,"0","0",0.000
E3A,"13",New Brunswick / Nouveau-Brunswick,"0","0",0.000
E3B,"13",New Brunswick / Nouveau-Brunswick,"0","0",0.000
E3C,"13",New Brunswick / Nouveau-Brunswick,"0","0",0.000
E3E,"13",New Brunswick / Nouveau-Brunswick,"0","0",0.000
E3G,"13",New Brunswick / Nouveau-Brunswick,"0","0",0.000
E4A,"13",New Brunswick / Nouveau-Brunswick,"0","0",0.000
E4B,"13",New Brunswick / Nouveau-Brunswick,"0","0",0.000
E4K,"13",New Brunswick / Nouveau-Brunswick,"0","0",0.000
E4W,"13",New Brunswick / Nouveau-Brunswick,"0","0",0.000
E4X,"13",New Brunswick / Nouveau-Brunswick,"0","0",0.000
E4Y,"13",New Brunswick / Nouveau-Brunswick,"0","0",0.000
E4Z,"13",New Brunswick / Nouveau-Brunswick,"0","0",0.000
E5A,"13",New Brunswick / Nouveau-Brunswick,"0","0",0.000
E4C,"13",New Brunswick / Nouveau-Brunswick,"0","0",0.000
E4E,"13",New Brunswick / Nouveau-Brunswick,"0","0",0.000
E4G,"13",New Brunswick / Nouveau-Brunswick,"0","0",0.000
E4H,"13",New Brunswick / Nouveau-Brunswick,"0","0",0.000
E4J,"13",New Brunswick / Nouveau-Brunswick,"0","0",0.000
E4L,"13",New Brunswick / Nouveau-Brunswick,"0","0",0.000
E4M,"13",New Brunswick / Nouveau-Brunswick,"0","0",0.000
E4N,"13",New Brunswick / Nouveau-Brunswick,"0","0",0.000
E4P,"13",New Brunswick / Nouveau-Brunswick,"0","0",0.000
E4R,"13",New Brunswick / Nouveau-Brunswick,"0","0",0.000
E4S,"13",New Brunswick / Nouveau-Brunswick,"0","0",0.000
E4T,"13",New Brunswick / Nouveau-Brunswick,"0","0",0.000
E4V,"13",New Brunswick / Nouveau-Brunswick,"0","0",0.000
G1P,"24",Quebec / Québec,"0","0",0.000
G1R,"24",Quebec / Québec,"0","0",0.000
G1S,"24",Quebec / Québec,"0","0",0.000
E5B,"13",New Brunswick / Nouveau-Brunswick,"0","0",0.000
E5C,"13",New Brunswick / Nouveau-Brunswick,"0","0",0.000
E5E,"13",New Brunswick / Nouveau-Brunswick,"0","0",0.000
E5G,"13",New Brunswick / Nouveau-Brunswick,"0","0",0.000
E5H,"13",New Brunswick / Nouveau-Brunswick,"0","0",0.000
E5J,"13",New Brunswick / Nouveau-Brunswick,"0","0",0.000
E5K,"13",New Brunswick / Nouveau-Brunswick,"0","0",0.000
E5L,"13",New Brunswick / Nouveau-Brunswick,"0","0",0.000
E5M,"13",New Brunswick / Nouveau-Brunswick,"0","0",0.000
E5N,"13",New Brunswick / Nouveau-Brunswick,"0","0",0.000
E5P,"13",New Brunswick / Nouveau-Brunswick,"0","0",0.000
E5R,"13",New Brunswick / Nouveau-Brunswick,"0","0",0.000
E5S,"13",New Brunswick / Nouveau-Brunswick,"0","0",0.000
E5T,"13",New Brunswick / Nouveau-Brunswick,"0","0",0.000
E5V,"13",New Brunswick / Nouveau-Brunswick,"0","0",0.000
E6A,"13",New Brunswick / Nouveau-Brunswick,"0","0",0.000
E6B,"13",New Brunswick / Nouveau-Brunswick,"0","0",0.000
E6C,"13",New Brunswick / Nouveau-Brunswick,"0","0",0.000
E6E,"13",New Brunswick / Nouveau-Brunswick,"0","0",0.000
E6G,"13",New Brunswick / Nouveau-Brunswick,"0","0",0.000
E6H,"13",New Brunswick / Nouveau-Brunswick,"0","0",0.000
E6J,"13",New Brunswick / Nouveau-Brunswick,"0","0",0.000
E6K,"13",New Brunswick / Nouveau-Brunswick,"0","0",0.000
E6L,"13",New Brunswick / Nouveau-Brunswick,"0","0",0.000
E7A,"13",New Brunswick / Nouveau-Brunswick,"0","0",0.000
E7B,"13",New Brunswick / Nouveau-Brunswick,"0","0",0.000
E7C,"13",New Brunswick / Nouveau-Brunswick,"0","0",0.000
E7E,"13",New Brunswick / Nouveau-Brunswick,"0","0",0.000
E7G,"13",New Brunswick / Nouveau-Brunswick,"0","0",0.000
E7H,"13",New Brunswick / Nouveau-Brunswick,"0","0",0.000
E7K,"13",New Brunswick / Nouveau-Brunswick,"0","0",0.000
E7L,"13",New Brunswick / Nouveau-Brunswick,"0","0",0.000
E7M,"13",New Brunswick / Nouveau-Brunswick,"0","0",0.000
E7N,"13",New Brunswick / Nouveau-Brunswick,"0","0",0.000
E7J,"13",New Brunswick / Nouveau-Brunswick,"0","0",0.000
E7P,"13",New Brunswick / Nouveau-Brunswick,"0","0",0.000
E8A,"13",New Brunswick / Nouveau-Brunswick,"0","0",0.000
E8B,"13",New Brunswick / Nouveau-Brunswick,"0","0",0.000
E8E,"13",New Brunswick / Nouveau-Brunswick,"0","0",0.000
E8G,"13",New Brunswick / Nouveau-Brunswick,"0","0",0.000
E8J,"13",New Brunswick / Nouveau-Brunswick,"0","0",0.000
E8K,"13",New Brunswick / Nouveau-Brunswick,"0","0",0.000
E8M,"13",New Brunswick / Nouveau-Brunswick,"0","0",0.000
E9A,"13",New Brunswick / Nouveau-Brunswick,"0","0",0.000
E8C,"13",New Brunswick / Nouveau-Brunswick,"0","0",0.000
E8L,"13",New Brunswick / Nouveau-Brunswick,"0","0",0.000
E8N,"13",New Brunswick / Nouveau-Brunswick,"0","0",0.000
E8P,"13",New Brunswick / Nouveau-Brunswick,"0","0",0.000
E8R,"13",New Brunswick / Nouveau-Brunswick,"0","0",0.000
E8S,"13",New Brunswick / Nouveau-Brunswick,"0","0",0.000
E8T,"13",New Brunswick / Nouveau-Brunswick,"0","0",0.000
E9B,"13",New Brunswick / Nouveau-Brunswick,"0","0",0.000
E9C,"13",New Brunswick / Nouveau-Brunswick,"0","0",0.000
E9E,"13",New Brunswick / Nouveau-Brunswick,"0","0",0.000
E9G,"13",New Brunswick / Nouveau-Brunswick,"0","0",0.000
E9H,"13",New Brunswick / Nouveau-Brunswick,"0","0",0.000
G0A,"24",Quebec / Québec,"0","0",0.000
G1E,"24",Quebec / Québec,"0","0",0.000
G1G,"24",Quebec / Québec,"0","0",0.000
G1H,"24",Quebec / Québec,"0","0",0.000
G1J,"24",Quebec / Québec,"0","0",0.000
G1K,"24",Quebec / Québec,"0","0",0.000
G5C,"24",Quebec / Québec,"0","0",0.000
G5H,"24",Quebec / Québec,"0","0",0.000
G5R,"24",Quebec / Québec,"0","0",0.000
G5T,"24",Quebec / Québec,"0","0",0.000
G1L,"24",Quebec / Québec,"0","0",0.000
G1M,"24",Quebec / Québec,"0","0",0.000
G1N,"24",Quebec / Québec,"0","0",0.000
G1T,"24",Quebec / Québec,"0","0",0.000
G1V,"24",Quebec / Québec,"0","0",0.000
G1W,"24",Quebec / Québec,"0","0",0.000
G2E,"24",Quebec / Québec,"0","0",0.000
G2G,"24",Quebec / Québec,"0","0",0.000
G2J,"24",Quebec / Québec,"0","0",0.000
G1X,"24",Quebec / Québec,"0","0",0.000
G1Y,"24",Quebec / Québec,"0","0",0.000
G2B,"24",Quebec / Québec,"0","0",0.000
G2C,"24",Quebec / Québec,"0","0",0.000
G6X,"24",Quebec / Québec,"0","0",0.000
G6Y,"24",Quebec / Québec,"0","0",0.000
G6Z,"24",Quebec / Québec,"0","0",0.000
G7A,"24",Quebec / Québec,"0","0",0.000
G2K,"24",Quebec / Québec,"0","0",0.000
G2L,"24",Quebec / Québec,"0","0",0.000
G2M,"24",Quebec / Québec,"0","0",0.000
G2N,"24",Quebec / Québec,"0","0",0.000
G3A,"24",Quebec / Québec,"0","0",0.000
G3B,"24",Quebec / Québec,"0","0",0.000
G3C,"24",Quebec / Québec,"0","0",0.000
G3E,"24",Quebec / Québec,"0","0",0.000
G3G,"24",Quebec / Québec,"0","0",0.000
G3H,"24",Quebec / Québec,"0","0",0.000
G3J,"24",Quebec / Québec,"0","0",0.000
G3K,"24",Quebec / Québec,"0","0",0.000
G3L,"24",Quebec / Québec,"0","0",0.000
G3M,"24",Quebec / Québec,"0","0",0.000
G3N,"24",Quebec / Québec,"0","0",0.000
G3Z,"24",Quebec / Québec,"0","0",0.000
G4A,"24",Quebec / Québec,"0","0",0.000
G4R,"24",Quebec / Québec,"0","0",0.000
G4S,"24",Quebec / Québec,"0","0",0.000
G4T,"24",Quebec / Québec,"0","0",0.000
G4V,"24",Quebec / Québec,"0","0",0.000
G4W,"24",Quebec / Québec,"0","0",0.000
G4X,"24",Quebec / Québec,"0","0",0.000
G4Z,"24",Quebec / Québec,"0","0",0.000
G5A,"24",Quebec / Québec,"0","0",0.000
G5B,"24",Quebec / Québec,"0","0",0.000
G5J,"24",Quebec / Québec,"0","0",0.000
G5L,"24",Quebec / Québec,"0","0",0.000
G5M,"24",Quebec / Québec,"0","0",0.000
G5N,"24",Quebec / Québec,"0","0",0.000
G5X,"24",Quebec / Québec,"0","0",0.000
G5Y,"24",Quebec / Québec,"0","0",0.000
G5Z,"24",Quebec / Québec,"0","0",0.000
G6A,"24",Quebec / Québec,"0","0",0.000
G6B,"24",Quebec / Québec,"0","0",0.000
G6E,"24",Quebec / Québec,"0","0",0.000
G6G,"24",Quebec / Québec,"0","0",0.000
G6H,"24",Quebec / Québec,"0","0",0.000
G6P,"24",Quebec / Québec,"0","0",0.000
G6R,"24",Quebec / Québec,"0","0",0.000
G6S,"24",Quebec / Québec,"0","0",0.000
G6T,"24",Quebec / Québec,"0","0",0.000
G6V,"24",Quebec / Québec,"0","0",0.000
G6C,"24",Quebec / Québec,"0","0",0.000
G6J,"24",Quebec / Québec,"0","0",0.000
G6K,"24",Quebec / Québec,"0","0",0.000
G6L,"24",Quebec / Québec,"0","0",0.000
G6W,"24",Quebec / Québec,"0","0",0.000
H1Z,"24",Quebec / Québec,"0","0",0.000
H2A,"24",Quebec / Québec,"0","0",0.000
H2B,"24",Quebec / Québec,"0","0",0.000
H2C,"24",Quebec / Québec,"0","0",0.000
H2E,"24",Quebec / Québec,"0","0",0.000
H2G,"24",Quebec / Québec,"0","0",0.000
H2H,"24",Quebec / Québec,"0","0",0.000
H2J,"24",Quebec / Québec,"0","0",0.000
G7B,"24",Quebec / Québec,"0","0",0.000
G7G,"24",Quebec / Québec,"0","0",0.000
G7H,"24",Quebec / Québec,"0","0",0.000
G7J,"24",Quebec / Québec,"0","0",0.000
G7Z,"24",Quebec / Québec,"0","0",0.000
G8A,"24",Quebec / Québec,"0","0",0.000
G8B,"24",Quebec / Québec,"0","0",0.000
G8C,"24",Quebec / Québec,"0","0",0.000
G8E,"24",Quebec / Québec,"0","0",0.000
G8G,"24",Quebec / Québec,"0","0",0.000
G7K,"24",Quebec / Québec,"0","0",0.000
G7N,"24",Quebec / Québec,"0","0",0.000
G7P,"24",Quebec / Québec,"0","0",0.000
G7S,"24",Quebec / Québec,"0","0",0.000
G7T,"24",Quebec / Québec,"0","0",0.000
G7X,"24",Quebec / Québec,"0","0",0.000
G7Y,"24",Quebec / Québec,"0","0",0.000
H3R,"24",Quebec / Québec,"0","0",0.000
H3S,"24",Quebec / Québec,"0","0",0.000
H3T,"24",Quebec / Québec,"0","0",0.000
H3V,"24",Quebec / Québec,"0","0",0.000
H3W,"24",Quebec / Québec,"0","0",0.000
H3X,"24",Quebec / Québec,"0","0",0.000
H3Y,"24",Quebec / Québec,"0","0",0.000
H3Z,"24",Quebec / Québec,"0","0",0.000
G8H,"24",Quebec / Québec,"0","0",0.000
G8J,"24",Quebec / Québec,"0","0",0.000
G8K,"24",Quebec / Québec,"0","0",0.000
G8L,"24",Quebec / Québec,"0","0",0.000
G8M,"24",Quebec / Québec,"0","0",0.000
G8N,"24",Quebec / Québec,"0","0",0.000
G8P,"24",Quebec / Québec,"0","0",0.000
G8T,"24",Quebec / Québec,"0","0",0.000
G8V,"24",Quebec / Québec,"0","0",0.000
G8W,"24",Quebec / Québec,"0","0",0.000
G8Y,"24",Quebec / Québec,"0","0",0.000
G8Z,"24",Quebec / Québec,"0","0",0.000
G9A,"24",Quebec / Québec,"0","0",0.000
G9B,"24",Quebec / Québec,"0","0",0.000
G9C,"24",Quebec / Québec,"0","0",0.000
G9H,"24",Quebec / Québec,"0","0",0.000
G9N,"24",Quebec / Québec,"0","0",0.000
G9P,"24",Quebec / Québec,"0","0",0.000
G9R,"24",Quebec / Québec,"0","0",0.000
G9T,"24",Quebec / Québec,"0","0",0.000
G9X,"24",Quebec / Québec,"0","0",0.000
H0M,"24",Quebec / Québec,"0","0",0.000
H1A,"24",Quebec / Québec,"0","0",0.000
H1B,"24",Quebec / Québec,"0","0",0.000
H1C,"24",Quebec / Québec,"0","0",0.000
H1E,"24",Quebec / Québec,"0","0",0.000
H1G,"24",Quebec / Québec,"0","0",0.000
H1H,"24",Quebec / Québec,"0","0",0.000
H1J,"24",Quebec / Québec,"0","0",0.000
H1K,"24",Quebec / Québec,"0","0",0.000
H1L,"24",Quebec / Québec,"0","0",0.000
H1M,"24",Quebec / Québec,"0","0",0.000
H1N,"24",Quebec / Québec,"0","0",0.000
H1P,"24",Quebec / Québec,"0","0",0.000
H1R,"24",Quebec / Québec,"0","0",0.000
H1S,"24",Quebec / Québec,"0","0",0.000
H1T,"24",Quebec / Québec,"0","0",0.000
H1V,"24",Quebec / Québec,"0","0",0.000
H1W,"24",Quebec / Québec,"0","0",0.000
H1X,"24",Quebec / Québec,"0","0",0.000
H1Y,"24",Quebec / Québec,"0","0",0.000
H3P,"24",Quebec / Québec,"0","0",0.000
H2L,"24",Quebec / Québec,"0","0",0.000
H2M,"24",Quebec / Québec,"0","0",0.000
H2N,"24",Quebec / Québec,"0","0",0.000
H2P,"24",Quebec / Québec,"0","0",0.000
H2R,"24",Quebec / Québec,"0","0",0.000
H2S,"24",Quebec / Québec,"0","0",0.000
H2T,"24",Quebec / Québec,"0","0",0.000
H2V,"24",Quebec / Québec,"0","0",0.000
H2W,"24",Quebec / Québec,"0","0",0.000
H2X,"24",Quebec / Québec,"0","0",0.000
H2Y,"24",Quebec / Québec,"0","0",0.000
H2Z,"24",Quebec / Québec,"0","0",0.000
H3A,"24",Quebec / Québec,"0","0",0.000
H3B,"24",Quebec / Québec,"0","0",0.000
H3C,"24",Quebec / Québec,"0","0",0.000
H3E,"24",Quebec / Québec,"0","0",0.000
H8Z,"24",Quebec / Québec,"0","0",0.000
H9A,"24",Quebec / Québec,"0","0",0.000
H9B,"24",Quebec / Québec,"0","0",0.000
H9C,"24",Quebec / Québec,"0","0",0.000
H9E,"24",Quebec / Québec,"0","0",0.000
H9G,"24",Quebec / Québec,"0","0",0.000
H9H,"24",Quebec / Québec,"0","0",0.000
H3G,"24",Quebec / Québec,"0","0",0.000
H3H,"24",Quebec / Québec,"0","0",0.000
H3J,"24",Quebec / Québec,"0","0",0.000
H3K,"24",Quebec / Québec,"0","0",0.000
H3L,"24",Quebec / Québec,"0","0",0.000
H3M,"24",Quebec / Québec,"0","0",0.000
H3N,"24",Quebec / Québec,"0","0",0.000
H4A,"24",Quebec / Québec,"0","0",0.000
H4B,"24",Quebec / Québec,"0","0",0.000
H4C,"24",Quebec / Québec,"0","0",0.000
H4E,"24",Quebec / Québec,"0","0",0.000
H4G,"24",Quebec / Québec,"0","0",0.000
H4H,"24",Quebec / Québec,"0","0",0.000
H4P,"24",Quebec / Québec,"0","0",0.000
H4R,"24",Quebec / Québec,"0","0",0.000
H4S,"24",Quebec / Québec,"0","0",0.000
H4V,"24",Quebec / Québec,"0","0",0.000
H4J,"24",Quebec / Québec,"0","0",0.000
H4K,"24",Quebec / Québec,"0","0",0.000
H4L,"24",Quebec / Québec,"0","0",0.000
H4M,"24",Quebec / Québec,"0","0",0.000
H4N,"24",Quebec / Québec,"0","0",0.000
H2K,"24",Quebec / Québec,"0","0",0.000
J1E,"24",Quebec / Québec,"0","0",0.000
J1G,"24",Quebec / Québec,"0","0",0.000
H4W,"24",Quebec / Québec,"0","0",0.000
H4X,"24",Quebec / Québec,"0","0",0.000
H7A,"24",Quebec / Québec,"0","0",0.000
H7B,"24",Quebec / Québec,"0","0",0.000
H7C,"24",Quebec / Québec,"0","0",0.000
H7E,"24",Quebec / Québec,"0","0",0.000
H7G,"24",Quebec / Québec,"0","0",0.000
H7H,"24",Quebec / Québec,"0","0",0.000
H7J,"24",Quebec / Québec,"0","0",0.000
H7K,"24",Quebec / Québec,"0","0",0.000
H7L,"24",Quebec / Québec,"0","0",0.000
H7M,"24",Quebec / Québec,"0","0",0.000
H7N,"24",Quebec / Québec,"0","0",0.000
H7P,"24",Quebec / Québec,"0","0",0.000
H7R,"24",Quebec / Québec,"0","0",0.000
H7S,"24",Quebec / Québec,"0","0",0.000
H7T,"24",Quebec / Québec,"0","0",0.000
H7V,"24",Quebec / Québec,"0","0",0.000
H7W,"24",Quebec / Québec,"0","0",0.000
H7X,"24",Quebec / Québec,"0","0",0.000
H7Y,"24",Quebec / Québec,"0","0",0.000
H8N,"24",Quebec / Québec,"0","0",0.000
H8P,"24",Quebec / Québec,"0","0",0.000
H8R,"24",Quebec / Québec,"0","0",0.000
H8S,"24",Quebec / Québec,"0","0",0.000
H8T,"24",Quebec / Québec,"0","0",0.000
H8Y,"24",Quebec / Québec,"0","0",0.000
H9J,"24",Quebec / Québec,"0","0",0.000
H9K,"24",Quebec / Québec,"0","0",0.000
H9P,"24",Quebec / Québec,"0","0",0.000
H9R,"24",Quebec / Québec,"0","0",0.000
H9S,"24",Quebec / Québec,"0","0",0.000
H9W,"24",Quebec / Québec,"0","0",0.000
H9X,"24",Quebec / Québec,"0","0",0.000
J0A,"24",Quebec / Québec,"0","0",0.000
J0B,"24",Quebec / Québec,"0","0",0.000
J0C,"24",Quebec / Québec,"0","0",0.000
J0E,"24",Quebec / Québec,"0","0",0.000
J0G,"24",Quebec / Québec,"0","0",0.000
J0H,"24",Quebec / Québec,"0","0",0.000
J0J,"24",Quebec / Québec,"0","0",0.000
J0K,"24",Quebec / Québec,"0","0",0.000
J0L,"24",Quebec / Québec,"0","0",0.000
J0M,"24",Quebec / Québec,"0","0",0.000
J0N,"24",Quebec / Québec,"0","0",0.000
J0P,"24",Quebec / Québec,"0","0",0.000
J0R,"24",Quebec / Québec,"0","0",0.000
J0S,"24",Quebec / Québec,"0","0",0.000
J0T,"24",Quebec / Québec,"0","0",0.000
J0V,"24",Quebec / Québec,"0","0",0.000
J0W,"24",Quebec / Québec,"0","0",0.000
J0X,"24",Quebec / Québec,"0","0",0.000
J0Y,"24",Quebec / Québec,"0","0",0.000
J0Z,"24",Quebec / Québec,"0","0",0.000
J1H,"24",Quebec / Québec,"0","0",0.000
J1T,"24",Quebec / Québec,"0","0",0.000
J1X,"24",Quebec / Québec,"0","0",0.000
J2G,"24",Quebec / Québec,"0","0",0.000
J2H,"24",Quebec / Québec,"0","0",0.000
J2J,"24",Quebec / Québec,"0","0",0.000
J2L,"24",Quebec / Québec,"0","0",0.000
J1A,"24",Quebec / Québec,"0","0",0.000
J1C,"24",Quebec / Québec,"0","0",0.000
J2C,"24",Quebec / Québec,"0","0",0.000
J2E,"24",Quebec / Québec,"0","0",0.000
J2R,"24",Quebec / Québec,"0","0",0.000
J2T,"24",Quebec / Québec,"0","0",0.000
J1J,"24",Quebec / Québec,"0","0",0.000
J1K,"24",Quebec / Québec,"0","0",0.000
J1L,"24",Quebec / Québec,"0","0",0.000
J1S,"24",Quebec / Québec,"0","0",0.000
J1Z,"24",Quebec / Québec,"0","0",0.000
J2A,"24",Quebec / Québec,"0","0",0.000
J2B,"24",Quebec / Québec,"0","0",0.000
J1M,"24",Quebec / Québec,"0","0",0.000
J1N,"24",Quebec / Québec,"0","0",0.000
J1R,"24",Quebec / Québec,"0","0",0.000
J3E,"24",Quebec / Québec,"0","0",0.000
J3G,"24",Quebec / Québec,"0","0",0.000
J3H,"24",Quebec / Québec,"0","0",0.000
J3L,"24",Quebec / Québec,"0","0",0.000
J3M,"24",Quebec / Québec,"0","0",0.000
J3N,"24",Quebec / Québec,"0","0",0.000
J3P,"24",Quebec / Québec,"0","0",0.000
J3R,"24",Quebec / Québec,"0","0",0.000
J3T,"24",Quebec / Québec,"0","0",0.000
J4W,"24",Quebec / Québec,"0","0",0.000
J4X,"24",Quebec / Québec,"0","0",0.000
J4Y,"24",Quebec / Québec,"0","0",0.000
J4Z,"24",Quebec / Québec,"0","0",0.000
J3V,"24",Quebec / Québec,"0","0",0.000
J3X,"24",Quebec / Québec,"0","0",0.000
J2K,"24",Quebec / Québec,"0","0",0.000
J2M,"24",Quebec / Québec,"0","0",0.000
J2N,"24",Quebec / Québec,"0","0",0.000
J2S,"24",Quebec / Québec,"0","0",0.000
J2W,"24",Quebec / Québec,"0","0",0.000
J2X,"24",Quebec / Québec,"0","0",0.000
J2Y,"24",Quebec / Québec,"0","0",0.000
J3A,"24",Quebec / Québec,"0","0",0.000
J3B,"24",Quebec / Québec,"0","0",0.000
J3Z,"24",Quebec / Québec,"0","0",0.000
J4B,"24",Quebec / Québec,"0","0",0.000
J4G,"24",Quebec / Québec,"0","0",0.000
J4H,"24",Quebec / Québec,"0","0",0.000
J4J,"24",Quebec / Québec,"0","0",0.000
J4K,"24",Quebec / Québec,"0","0",0.000
J4L,"24",Quebec / Québec,"0","0",0.000
J4M,"24",Quebec / Québec,"0","0",0.000
J4N,"24",Quebec / Québec,"0","0",0.000
J7K,"24",Quebec / Québec,"0","0",0.000
J7L,"24",Quebec / Québec,"0","0",0.000
J4P,"24",Quebec / Québec,"0","0",0.000
J4R,"24",Quebec / Québec,"0","0",0.000
J4S,"24",Quebec / Québec,"0","0",0.000
J4T,"24",Quebec / Québec,"0","0",0.000
J4V,"24",Quebec / Québec,"0","0",0.000
J5A,"24",Quebec / Québec,"0","0",0.000
J5B,"24",Quebec / Québec,"0","0",0.000
J5C,"24",Quebec / Québec,"0","0",0.000
J5M,"24",Quebec / Québec,"0","0",0.000
J5R,"24",Quebec / Québec,"0","0",0.000
J5T,"24",Quebec / Québec,"0","0",0.000
J5J,"24",Quebec / Québec,"0","0",0.000
J5K,"24",Quebec / Québec,"0","0",0.000
J5L,"24",Quebec / Québec,"0","0",0.000
J8A,"24",Quebec / Québec,"0","0",0.000
J8B,"24",Quebec / Québec,"0","0",0.000
J8C,"24",Quebec / Québec,"0","0",0.000
J5V,"24",Quebec / Québec,"0","0",0.000
J5W,"24",Quebec / Québec,"0","0",0.000
J5X,"24",Quebec / Québec,"0","0",0.000
J5Y,"24",Quebec / Québec,"0","0",0.000
J5Z,"24",Quebec / Québec,"0","0",0.000
J6A,"24",Quebec / Québec,"0","0",0.000
J6E,"24",Quebec / Québec,"0","0",0.000
J6J,"24",Quebec / Québec,"0","0",0.000
J6K,"24",Quebec / Québec,"0","0",0.000
J6N,"24",Quebec / Québec,"0","0",0.000
J6R,"24",Quebec / Québec,"0","0",0.000
J6S,"24",Quebec / Québec,"0","0",0.000
J6T,"24",Quebec / Québec,"0","0",0.000
J6V,"24",Quebec / Québec,"0","0",0.000
J6W,"24",Quebec / Québec,"0","0",0.000
J6X,"24",Quebec / Québec,"0","0",0.000
J6Y,"24",Quebec / Québec,"0","0",0.000
J6Z,"24",Quebec / Québec,"0","0",0.000
J7A,"24",Quebec / Québec,"0","0",0.000
J7B,"24",Quebec / Québec,"0","0",0.000
J7C,"24",Quebec / Québec,"0","0",0.000
J7E,"24",Quebec / Québec,"0","0",0.000
J7J,"24",Quebec / Québec,"0","0",0.000
R4L,"46",Manitoba,"0","0",0.000
R5G,"46",Manitoba,"0","0",0.000
R5H,"46",Manitoba,"0","0",0.000
R7A,"46",Manitoba,"0","0",0.000
R8A,"46",Manitoba,"0","0",0.000
J7G,"24",Quebec / Québec,"0","0",0.000
J7H,"24",Quebec / Québec,"0","0",0.000
J7M,"24",Quebec / Québec,"0","0",0.000
J7N,"24",Quebec / Québec,"0","0",0.000
J7P,"24",Quebec / Québec,"0","0",0.000
J7R,"24",Quebec / Québec,"0","0",0.000
J7T,"24",Quebec / Québec,"0","0",0.000
J7V,"24",Quebec / Québec,"0","0",0.000
J7W,"24",Quebec / Québec,"0","0",0.000
K1S,"35",Ontario,"6","0",0.000
K1T,"35",Ontario,"7","0",0.000
K1V,"35",Ontario,"24","3",3.000
J8X,"24",Quebec / Québec,"0","0",0.000
J7X,"24",Quebec / Québec,"0","0",0.000
J7Y,"24",Quebec / Québec,"0","0",0.000
J7Z,"24",Quebec / Québec,"0","0",0.000
K1R,"35",Ontario,"9","0",0.000
J8E,"24",Quebec / Québec,"0","0",0.000
J8G,"24",Quebec / Québec,"0","0",0.000
J8H,"24",Quebec / Québec,"0","0",0.000
J8P,"24",Quebec / Québec,"0","0",0.000
J8T,"24",Quebec / Québec,"0","0",0.000
J8L,"24",Quebec / Québec,"0","0",0.000
J8M,"24",Quebec / Québec,"0","0",0.000
J8N,"24",Quebec / Québec,"0","0",0.000
J8R,"24",Quebec / Québec,"0","0",0.000
J8V,"24",Quebec / Québec,"0","0",0.000
M9R,"35",Ontario,"5","2",2.000
M9V,"35",Ontario,"26","2",2.000
M9W,"35",Ontario,"16","3",3.000
N0A,"35",Ontario,"10","0",0.000
N0B,"35",Ontario,"16","1",1.000
N0C,"35",Ontario,"4","1",1.000
N0E,"35",Ontario,"6","0",0.000
N0G,"35",Ontario,"32","0",0.000
N0H,"35",Ontario,"18","2",2.000
N0J,"35",Ontario,"7","0",0.000
N0K,"35",Ontario,"8","0",0.000
N0L,"35",Ontario,"16","0",0.000
N0M,"35",Ontario,"30","2",2.000
N0N,"35",Ontario,"15","2",2.000
N0P,"35",Ontario,"14","1",1.000
N0R,"35",Ontario,"12","6",6.000
N1A,"35",Ontario,"5","1",1.000
N1C,"35",Ontario,"1","0",0.000
N1E,"35",Ontario,"10","0",0.000
J8Y,"24",Quebec / Québec,"0","0",0.000
J8Z,"24",Quebec / Québec,"0","0",0.000
J9A,"24",Quebec / Québec,"0","0",0.000
J9J,"24",Quebec / Québec,"0","0",0.000
J9P,"24",Quebec / Québec,"0","0",0.000
J9V,"24",Quebec / Québec,"0","0",0.000
J9B,"24",Quebec / Québec,"0","0",0.000
J9E,"24",Quebec / Québec,"0","0",0.000
J9H,"24",Quebec / Québec,"0","0",0.000
J9L,"24",Quebec / Québec,"0","0",0.000
J9T,"24",Quebec / Québec,"0","0",0.000
J9X,"24",Quebec / Québec,"0","0",0.000
J9Y,"24",Quebec / Québec,"0","0",0.000
J9Z,"24",Quebec / Québec,"0","0",0.000
K0A,"35",Ontario,"32","2",2.000
K0B,"35",Ontario,"7","0",0.000
K0C,"35",Ontario,"20","1",1.000
K0E,"35",Ontario,"10","0",0.000
K0G,"35",Ontario,"17","0",0.000
K0H,"35",Ontario,"11","5",5.000
K0J,"35",Ontario,"14","0",0.000
K0K,"35",Ontario,"35","1",1.000
K0L,"35",Ontario,"23","2",2.000
K0M,"35",Ontario,"25","0",0.000
K1B,"35",Ontario,"5","0",0.000
K1C,"35",Ontario,"12","2",2.000
K1E,"35",Ontario,"5","0",0.000
K1G,"35",Ontario,"16","0",0.000
K1H,"35",Ontario,"13","1",1.000
K1J,"35",Ontario,"13","2",2.000
K1K,"35",Ontario,"14","0",0.000
K1L,"35",Ontario,"10","0",0.000
K1M,"35",Ontario,"1","0",0.000
K1N,"35",Ontario,"13","1",1.000
K1P,"35",Ontario,"2","0",0.000
L9R,"35",Ontario,"10","1",1.000
L9S,"35",Ontario,"7","2",2.000
L9T,"35",Ontario,"31","4",4.000
L9V,"35",Ontario,"5","1",1.000
L9W,"35",Ontario,"18","2",2.000
L9Y,"35",Ontario,"14","1",1.000
L8V,"35",Ontario,"16","1",1.000
L8W,"35",Ontario,"10","1",1.000
V8S,"59",British Columbia / Colombie-Britannique,"0","0",0.000
V8T,"59",British Columbia / Colombie-Britannique,"0","0",0.000
M1P,"35",Ontario,"29","5",5.000
M1R,"35",Ontario,"19","4",4.000
K2K,"35",Ontario,"6","0",0.000
M2N,"35",Ontario,"22","6",6.000
M2P,"35",Ontario,"2","0",0.000
M2R,"35",Ontario,"11","2",2.000
M3A,"35",Ontario,"6","2",2.000
V8V,"59",British Columbia / Colombie-Britannique,"0","0",0.000
V8W,"59",British Columbia / Colombie-Britannique,"0","0",0.000
V8X,"59",British Columbia / Colombie-Britannique,"0","0",0.000
V8Y,"59",British Columbia / Colombie-Britannique,"0","0",0.000
V8Z,"59",British Columbia / Colombie-Britannique,"0","0",0.000
V9B,"59",British Columbia / Colombie-Britannique,"0","0",0.000
V9C,"59",British Columbia / Colombie-Britannique,"0","0",0.000
V9E,"59",British Columbia / Colombie-Britannique,"0","0",0.000
V9G,"59",British Columbia / Colombie-Britannique,"0","0",0.000
V9H,"59",British Columbia / Colombie-Britannique,"0","0",0.000
V9J,"59",British Columbia / Colombie-Britannique,"0","0",0.000
V9K,"59",British Columbia / Colombie-Britannique,"0","0",0.000
V9L,"59",British Columbia / Colombie-Britannique,"0","0",0.000
V9N,"59",British Columbia / Colombie-Britannique,"0","0",0.000
V9P,"59",British Columbia / Colombie-Britannique,"0","0",0.000
V9W,"59",British Columbia / Colombie-Britannique,"0","0",0.000
V9X,"59",British Columbia / Colombie-Britannique,"0","0",0.000
K2L,"35",Ontario,"7","1",1.000
K2M,"35",Ontario,"4","2",2.000
K2P,"35",Ontario,"8","0",0.000
K2R,"35",Ontario,"0","0",0.000
L2P,"35",Ontario,"4","0",0.000
L2R,"35",Ontario,"21","0",0.000
L2S,"35",Ontario,"10","1",1.000
K6J,"35",Ontario,"7","0",0.000
K6K,"35",Ontario,"0","0",0.000
K6T,"35",Ontario,"0","0",0.000
K7H,"35",Ontario,"6","1",1.000
K7K,"35",Ontario,"22","13",13.000
K7L,"35",Ontario,"12","4",4.000
K7M,"35",Ontario,"22","12",12.000
K7N,"35",Ontario,"5","3",3.000
K7P,"35",Ontario,"6","5",5.000
K7R,"35",Ontario,"13","4",4.000
K7S,"35",Ontario,"5","1",1.000
K7V,"35",Ontario,"6","1",1.000
K8A,"35",Ontario,"12","1",1.000
K8B,"35",Ontario,"0","0",0.000
K8H,"35",Ontario,"5","0",0.000
K8N,"35",Ontario,"16","1",1.000
K8P,"35",Ontario,"10","0",0.000
V9A,"59",British Columbia / Colombie-Britannique,"0","0",0.000
V9Y,"59",British Columbia / Colombie-Britannique,"0","0",0.000
X0A,"62",Nunavut,"0","0",0.000
V9M,"59",British Columbia / Colombie-Britannique,"0","0",0.000
L2T,"35",Ontario,"7","1",1.000
L6X,"35",Ontario,"17","0",0.000
L6Y,"35",Ontario,"36","2",2.000
L4E,"35",Ontario,"14","2",2.000
L4G,"35",Ontario,"23","4",4.000
L4N,"35",Ontario,"51","6",6.000
L4S,"35",Ontario,"10","1",1.000
V9R,"59",British Columbia / Colombie-Britannique,"0","0",0.000
V9S,"59",British Columbia / Colombie-Britannique,"0","0",0.000
L6Z,"35",Ontario,"12","2",2.000
M1S,"35",Ontario,"18","2",2.000
M1T,"35",Ontario,"16","6",6.000
L7T,"35",Ontario,"8","0",0.000
L8E,"35",Ontario,"19","3",3.000
L8G,"35",Ontario,"18","1",1.000
L8H,"35",Ontario,"11","0",0.000
L8J,"35",Ontario,"12","1",1.000
L8K,"35",Ontario,"10","0",0.000
L8L,"35",Ontario,"17","0",0.000
L8M,"35",Ontario,"11","0",0.000
V9T,"59",British Columbia / Colombie-Britannique,"0","0",0.000
V9V,"59",British Columbia / Colombie-Britannique,"0","0",0.000
M1V,"35",Ontario,"28","5",5.000
K2S,"35",Ontario,"7","1",1.000
K2T,"35",Ontario,"2","2",2.000
K2V,"35",Ontario,"1","1",1.000
R8N,"46",Manitoba,"0","0",0.000
L9J,"35",Ontario,"0","0",0.000
L9K,"35",Ontario,"2","0",0.000
M3B,"35",Ontario,"4","0",0.000
M3C,"35",Ontario,"12","3",3.000
M3H,"35",Ontario,"19","4",4.000
M3J,"35",Ontario,"21","4",4.000
M3K,"35",Ontario,"2","2",2.000
K8R,"35",Ontario,"0","0",0.000
K8V,"35",Ontario,"12","0",0.000
K9A,"35",Ontario,"12","1",1.000
K9J,"35",Ontario,"20","2",2.000
K9V,"35",Ontario,"17","2",2.000
L0A,"35",Ontario,"3","0",0.000
L0B,"35",Ontario,"3","0",0.000
L0C,"35",Ontario,"1","0",0.000
L0E,"35",Ontario,"10","1",1.000
L0G,"35",Ontario,"17","0",0.000
L0H,"35",Ontario,"0","0",0.000
K1W,"35",Ontario,"3","0",0.000
K1X,"35",Ontario,"0","0",0.000
K1Y,"35",Ontario,"10","0",0.000
K1Z,"35",Ontario,"7","0",0.000
K2A,"35",Ontario,"8","1",1.000
K2W,"35",Ontario,"2","1",1.000
L2V,"35",Ontario,"6","0",0.000
L2W,"35",Ontario,"0","0",0.000
L3B,"35",Ontario,"12","1",1.000
L3C,"35",Ontario,"11","3",3.000
L3K,"35",Ontario,"5","1",1.000
L3M,"35",Ontario,"10","1",1.000
M4G,"35",Ontario,"11","4",4.000
M4H,"35",Ontario,"5","1",1.000
M4J,"35",Ontario,"15","2",2.000
K9H,"35",Ontario,"16","1",1.000
K9K,"35",Ontario,"2","0",0.000
L1Y,"35",Ontario,"1","0",0.000
L1Z,"35",Ontario,"7","1",1.000
L6G,"35",Ontario,"18","0",0.000
L3P,"35",Ontario,"13","0",0.000
L3R,"35",Ontario,"22","1",1.000
L3V,"35",Ontario,"25","2",2.000
L3Y,"35",Ontario,"35","2",2.000
L3Z,"35",Ontario,"15","2",2.000
L4A,"35",Ontario,"14","2",2.000
L4H,"35",Ontario,"24","2",2.000
L4J,"35",Ontario,"28","2",2.000
L4K,"35",Ontario,"14","1",1.000
L4L,"35",Ontario,"25","1",1.000
L4M,"35",Ontario,"20","2",2.000
L4P,"35",Ontario,"12","1",1.000
L4R,"35",Ontario,"10","2",2.000
L7A,"35",Ontario,"17","1",1.000
L7B,"35",Ontario,"5","1",1.000
L7C,"35",Ontario,"3","1",1.000
L7E,"35",Ontario,"14","1",1.000
L7G,"35",Ontario,"18","2",2.000
K4A,"35",Ontario,"12","5",5.000
K4C,"35",Ontario,"0","0",0.000
L7K,"35",Ontario,"0","0",0.000
L1M,"35",Ontario,"2","0",0.000
L1N,"35",Ontario,"20","3",3.000
L1P,"35",Ontario,"1","1",1.000
L4T,"35",Ontario,"15","1",1.000
L4V,"35",Ontario,"1","0",0.000
L4W,"35",Ontario,"12","1",1.000
L6H,"35",Ontario,"28","2",2.000
L6J,"35",Ontario,"14","1",1.000
L9Z,"35",Ontario,"7","1",1.000
M1B,"35",Ontario,"22","8",8.000
M1E,"35",Ontario,"17","2",2.000
M1G,"35",Ontario,"18","4",4.000
M1J,"35",Ontario,"20","2",2.000
M1W,"35",Ontario,"15","2",2.000
M1X,"35",Ontario,"3","0",0.000
M2H,"35",Ontario,"6","1",1.000
L5M,"35",Ontario,"29","2",2.000
L5N,"35",Ontario,"28","1",1.000
L5R,"35",Ontario,"14","2",2.000
L5V,"35",Ontario,"15","2",2.000
L8N,"35",Ontario,"16","0",0.000
L8P,"35",Ontario,"11","0",0.000
M1C,"35",Ontario,"7","1",1.000
M1H,"35",Ontario,"9","3",3.000
K2B,"35",Ontario,"11","1",1.000
K4B,"35",Ontario,"1","0",0.000
K4K,"35",Ontario,"5","0",0.000
L9L,"35",Ontario,"7","2",2.000
L9M,"35",Ontario,"6","0",0.000
M4K,"35",Ontario,"16","5",5.000
M3L,"35",Ontario,"8","3",3.000
M3M,"35",Ontario,"10","3",3.000
K2C,"35",Ontario,"11","1",1.000
K2E,"35",Ontario,"9","1",1.000
L3S,"35",Ontario,"12","2",2.000
L3T,"35",Ontario,"11","1",1.000
L3X,"35",Ontario,"8","1",1.000
M4L,"35",Ontario,"10","3",3.000
M4M,"35",Ontario,"12","4",4.000
L1R,"35",Ontario,"14","1",1.000
L1S,"35",Ontario,"12","2",2.000
K9L,"35",Ontario,"1","0",0.000
L0J,"35",Ontario,"3","0",0.000
L0L,"35",Ontario,"7","2",2.000
L0M,"35",Ontario,"10","1",1.000
L0N,"35",Ontario,"1","0",0.000
L0P,"35",Ontario,"3","1",1.000
L0R,"35",Ontario,"30","6",6.000
L0S,"35",Ontario,"12","3",3.000
L1B,"35",Ontario,"4","1",1.000
L1C,"35",Ontario,"19","0",0.000
L1G,"35",Ontario,"20","0",0.000
L1H,"35",Ontario,"18","2",2.000
L2A,"35",Ontario,"11","2",2.000
L2E,"35",Ontario,"18","0",0.000
L2G,"35",Ontario,"14","2",2.000
L6K,"35",Ontario,"10","0",0.000
L7J,"35",Ontario,"4","0",0.000
L7L,"35",Ontario,"19","2",2.000
L1T,"35",Ontario,"12","2",2.000
L5W,"35",Ontario,"6","1",1.000
L6A,"35",Ontario,"23","3",3.000
L4X,"35",Ontario,"8","1",1.000
L4Y,"35",Ontario,"10","2",2.000
L4Z,"35",Ontario,"9","2",2.000
L5A,"35",Ontario,"21","1",1.000
L6L,"35",Ontario,"11","1",1.000
L6M,"35",Ontario,"22","1",1.000
L6P,"35",Ontario,"20","2",2.000
L6R,"35",Ontario,"29","2",2.000
M1K,"35",Ontario,"18","2",2.000
M2J,"35",Ontario,"16","2",2.000
M2K,"35",Ontario,"10","2",2.000
M2L,"35",Ontario,"5","2",2.000
M2M,"35",Ontario,"15","5",5.000
K4M,"35",Ontario,"3","1",1.000
K6H,"35",Ontario,"18","0",0.000
K6V,"35",Ontario,"13","1",1.000
K7A,"35",Ontario,"6","0",0.000
K7C,"35",Ontario,"7","0",0.000
K7G,"35",Ontario,"3","0",0.000
L7P,"35",Ontario,"7","2",2.000
L9N,"35",Ontario,"10","2",2.000
L9P,"35",Ontario,"7","3",3.000
L8R,"35",Ontario,"14","0",0.000
L8S,"35",Ontario,"13","0",0.000
M1L,"35",Ontario,"16","2",2.000
M1M,"35",Ontario,"4","2",2.000
M1N,"35",Ontario,"11","1",1.000
K4P,"35",Ontario,"2","0",0.000
K4R,"35",Ontario,"2","0",0.000
K6A,"35",Ontario,"7","1",1.000
M4N,"35",Ontario,"3","0",0.000
M4P,"35",Ontario,"6","2",2.000
M4R,"35",Ontario,"1","1",1.000
M4S,"35",Ontario,"8","2",2.000
M4T,"35",Ontario,"4","3",3.000
M3N,"35",Ontario,"17","2",2.000
M4A,"35",Ontario,"3","1",1.000
K2G,"35",Ontario,"17","2",2.000
K2H,"35",Ontario,"8","0",0.000
K2J,"35",Ontario,"17","3",3.000
L4B,"35",Ontario,"21","2",2.000
L4C,"35",Ontario,"37","2",2.000
L1V,"35",Ontario,"17","2",2.000
L1W,"35",Ontario,"6","0",0.000
L1X,"35",Ontario,"3","1",1.000
L1A,"35",Ontario,"11","1",1.000
L1E,"35",Ontario,"4","1",1.000
L5B,"35",Ontario,"43","2",2.000
L2H,"35",Ontario,"8","3",3.000
L2J,"35",Ontario,"4","1",1.000
L2M,"35",Ontario,"11","1",1.000
L2N,"35",Ontario,"19","0",0.000
L7M,"35",Ontario,"24","1",1.000
L7N,"35",Ontario,"13","1",1.000
L7R,"35",Ontario,"6","1",1.000
L7S,"35",Ontario,"12","0",0.000
L6B,"35",Ontario,"9","2",2.000
L6C,"35",Ontario,"7","1",1.000
L6E,"35",Ontario,"10","1",1.000
L5C,"35",Ontario,"15","1",1.000
L5E,"35",Ontario,"2","1",1.000
L5G,"35",Ontario,"9","1",1.000
L8T,"35",Ontario,"6","1",1.000
L6S,"35",Ontario,"16","1",1.000
L6T,"35",Ontario,"13","2",2.000
L6V,"35",Ontario,"13","1",1.000
L6W,"35",Ontario,"21","2",2.000
N7X,"35",Ontario,"0","0",0.000
N8A,"35",Ontario,"7","0",0.000
N8H,"35",Ontario,"12","4",4.000
N8M,"35",Ontario,"5","2",2.000
M6R,"35",Ontario,"10","2",2.000
L9B,"35",Ontario,"7","2",2.000
L9C,"35",Ontario,"13","2",2.000
S0P,"47",Saskatchewan,"0","0",0.000
S2V,"47",Saskatchewan,"0","0",0.000
S3N,"47",Saskatchewan,"0","0",0.000
S4T,"47",Saskatchewan,"0","0",0.000
N2G,"35",Ontario,"18","0",0.000
N6H,"35",Ontario,"14","1",1.000
N6J,"35",Ontario,"12","0",0.000
M6S,"35",Ontario,"10","7",7.000
M8V,"35",Ontario,"13","3",3.000
R3G,"46",Manitoba,"0","0",0.000
R3H,"46",Manitoba,"0","0",0.000
M4B,"35",Ontario,"9","2",2.000
M4C,"35",Ontario,"22","6",6.000
M4E,"35",Ontario,"8","2",2.000
N5V,"35",Ontario,"9","0",0.000
N5W,"35",Ontario,"11","0",0.000
M5S,"35",Ontario,"12","3",3.000
M5T,"35",Ontario,"21","5",5.000
M5V,"35",Ontario,"11","5",5.000
M6A,"35",Ontario,"9","4",4.000
M6B,"35",Ontario,"8","2",2.000
R3J,"46",Manitoba,"0","0",0.000
R3K,"46",Manitoba,"0","0",0.000
R3L,"46",Manitoba,"0","0",0.000
L1J,"35",Ontario,"13","2",2.000
L1K,"35",Ontario,"10","0",0.000
L1L,"35",Ontario,"0","0",0.000
P3B,"35",Ontario,"6","0",0.000
P3C,"35",Ontario,"4","0",0.000
P3E,"35",Ontario,"17","1",1.000
P6B,"35",Ontario,"12","1",1.000
R2J,"46",Manitoba,"0","0",0.000
R2K,"46",Manitoba,"0","0",0.000
R2L,"46",Manitoba,"0","0",0.000
N3A,"35",Ontario,"5","0",0.000
N3B,"35",Ontario,"6","1",1.000
N3C,"35",Ontario,"6","0",0.000
L5H,"35",Ontario,"6","1",1.000
L5J,"35",Ontario,"10","1",1.000
L5K,"35",Ontario,"7","1",1.000
L5L,"35",Ontario,"21","1",1.000
L9G,"35",Ontario,"10","2",2.000
L9H,"35",Ontario,"10","2",2.000
P6C,"35",Ontario,"8","1",1.000
P7A,"35",Ontario,"12","0",0.000
P7B,"35",Ontario,"13","2",2.000
S4H,"47",Saskatchewan,"0","0",0.000
N2H,"35",Ontario,"8","1",1.000
N2J,"35",Ontario,"12","0",0.000
N8N,"35",Ontario,"9","3",3.000
N8P,"35",Ontario,"2","0",0.000
N8R,"35",Ontario,"7","1",1.000
N8S,"35",Ontario,"6","1",1.000
R4K,"46",Manitoba,"0","0",0.000
R5A,"46",Manitoba,"0","0",0.000
N4L,"35",Ontario,"4","0",0.000
N4S,"35",Ontario,"16","1",1.000
N4T,"35",Ontario,"1","0",0.000
N9H,"35",Ontario,"3","2",2.000
S4L,"47",Saskatchewan,"0","0",0.000
N5X,"35",Ontario,"11","0",0.000
N5Y,"35",Ontario,"15","0",0.000
N6K,"35",Ontario,"14","0",0.000
N6L,"35",Ontario,"2","0",0.000
N6M,"35",Ontario,"0","0",0.000
M8W,"35",Ontario,"10","2",2.000
M8X,"35",Ontario,"4","3",3.000
M8Y,"35",Ontario,"8","3",3.000
N4N,"35",Ontario,"8","0",0.000
N4V,"35",Ontario,"2","0",0.000
N9G,"35",Ontario,"6","1",1.000
N5Z,"35",Ontario,"7","0",0.000
M4V,"35",Ontario,"6","0",0.000
M4W,"35",Ontario,"5","3",3.000
M4X,"35",Ontario,"10","2",2.000
M6C,"35",Ontario,"11","2",2.000
M6E,"35",Ontario,"12","4",4.000
M6G,"35",Ontario,"19","0",0.000
R3M,"46",Manitoba,"0","0",0.000
R3N,"46",Manitoba,"0","0",0.000
R3P,"46",Manitoba,"0","0",0.000
R3R,"46",Manitoba,"0","0",0.000
R3S,"46",Manitoba,"0","0",0.000
N3E,"35",Ontario,"0","0",0.000
N9J,"35",Ontario,"4","3",3.000
N9K,"35",Ontario,"1","1",1.000
P3G,"35",Ontario,"7","0",0.000
P3L,"35",Ontario,"2","0",0.000
M4Y,"35",Ontario,"20","7",7.000
P7C,"35",Ontario,"8","0",0.000
P7E,"35",Ontario,"12","1",1.000
P7G,"35",Ontario,"1","0",0.000
P7J,"35",Ontario,"0","0",0.000
P7K,"35",Ontario,"2","0",0.000
P7L,"35",Ontario,"0","0",0.000
P8N,"35",Ontario,"6","1",1.000
P8T,"35",Ontario,"4","0",0.000
P9A,"35",Ontario,"7","1",1.000
R2M,"46",Manitoba,"0","0",0.000
R2N,"46",Manitoba,"0","0",0.000
N3H,"35",Ontario,"10","0",0.000
N3L,"35",Ontario,"6","2",2.000
P3N,"35",Ontario,"1","1",1.000
R6M,"46",Manitoba,"0","0",0.000
R6W,"46",Manitoba,"0","0",0.000
P9N,"35",Ontario,"9","1",1.000
R0B,"46",Manitoba,"0","0",0.000
R0C,"46",Manitoba,"0","0",0.000
R0E,"46",Manitoba,"0","0",0.000
R0G,"46",Manitoba,"0","0",0.000
R0H,"46",Manitoba,"0","0",0.000
R0J,"46",Manitoba,"0","0",0.000
R0K,"46",Manitoba,"0","0",0.000
R0M,"46",Manitoba,"0","0",0.000
N1G,"35",Ontario,"14","1",1.000
N1H,"35",Ontario,"23","1",1.000
N1K,"35",Ontario,"2","2",2.000
N1L,"35",Ontario,"4","0",0.000
N2K,"35",Ontario,"9","1",1.000
N2L,"35",Ontario,"14","2",2.000
N2M,"35",Ontario,"17","1",1.000
N2N,"35",Ontario,"10","0",0.000
N8T,"35",Ontario,"12","6",6.000
N8W,"35",Ontario,"12","2",2.000
N8X,"35",Ontario,"16","5",5.000
N8Y,"35",Ontario,"12","5",5.000
R7B,"46",Manitoba,"0","0",0.000
R7C,"46",Manitoba,"0","0",0.000
N4W,"35",Ontario,"5","1",1.000
N4X,"35",Ontario,"7","0",0.000
N1M,"35",Ontario,"10","2",2.000
N6A,"35",Ontario,"9","0",0.000
N6B,"35",Ontario,"7","0",0.000
N6N,"35",Ontario,"0","0",0.000
N6P,"35",Ontario,"3","0",0.000
N7A,"35",Ontario,"6","0",0.000
N7G,"35",Ontario,"8","0",0.000
N7L,"35",Ontario,"14","1",1.000
N7M,"35",Ontario,"6","1",1.000
N7T,"35",Ontario,"17","0",0.000
M8Z,"35",Ontario,"9","3",3.000
M9A,"35",Ontario,"9","2",2.000
M9B,"35",Ontario,"14","4",4.000
M9C,"35",Ontario,"19","5",5.000
M9L,"35",Ontario,"4","1",1.000
N4Z,"35",Ontario,"0","0",0.000
N5A,"35",Ontario,"15","0",0.000
N5C,"35",Ontario,"7","2",2.000
N9V,"35",Ontario,"6","3",3.000
N6C,"35",Ontario,"17","0",0.000
M5A,"35",Ontario,"19","1",1.000
M5B,"35",Ontario,"11","3",3.000
M5C,"35",Ontario,"9","2",2.000
M5E,"35",Ontario,"2","2",2.000
M5G,"35",Ontario,"12","2",2.000
M6H,"35",Ontario,"22","3",3.000
M6J,"35",Ontario,"20","2",2.000
M6K,"35",Ontario,"16","3",3.000
M6L,"35",Ontario,"3","1",1.000
R3T,"46",Manitoba,"0","0",0.000
R3V,"46",Manitoba,"0","0",0.000
R3W,"46",Manitoba,"0","0",0.000
R3X,"46",Manitoba,"0","0",0.000
N3P,"35",Ontario,"3","0",0.000
N9Y,"35",Ontario,"4","3",3.000
P0A,"35",Ontario,"5","0",0.000
P0B,"35",Ontario,"1","0",0.000
P0C,"35",Ontario,"1","0",0.000
P0E,"35",Ontario,"1","0",0.000
P0G,"35",Ontario,"0","0",0.000
P0H,"35",Ontario,"12","0",0.000
P0J,"35",Ontario,"11","3",3.000
P0K,"35",Ontario,"7","0",0.000
P0L,"35",Ontario,"12","1",1.000
P0M,"35",Ontario,"20","0",0.000
P0N,"35",Ontario,"2","1",1.000
P0S,"35",Ontario,"2","0",0.000
P0T,"35",Ontario,"15","0",0.000
P0V,"35",Ontario,"5","0",0.000
P0W,"35",Ontario,"4","0",0.000
P0X,"35",Ontario,"1","0",0.000
P0Y,"35",Ontario,"0","0",0.000
P1A,"35",Ontario,"5","0",0.000
P1B,"35",Ontario,"16","2",2.000
P3P,"35",Ontario,"1","0",0.000
M5H,"35",Ontario,"9","8",8.000
M5J,"35",Ontario,"8","3",3.000
R1A,"46",Manitoba,"0","0",0.000
R1B,"46",Manitoba,"0","0",0.000
R1C,"46",Manitoba,"0","0",0.000
R2P,"46",Manitoba,"0","0",0.000
R2R,"46",Manitoba,"0","0",0.000
R2V,"46",Manitoba,"0","0",0.000
R2W,"46",Manitoba,"0","0",0.000
R2X,"46",Manitoba,"0","0",0.000
N3R,"35",Ontario,"18","1",1.000
N3S,"35",Ontario,"12","0",0.000
N3T,"35",Ontario,"15","0",0.000
N3V,"35",Ontario,"0","0",0.000
N9A,"35",Ontario,"18","4",4.000
P3Y,"35",Ontario,"3","1",1.000
P4N,"35",Ontario,"8","0",0.000
P4P,"35",Ontario,"0","0",0.000
R7N,"46",Manitoba,"0","0",0.000
R1N,"46",Manitoba,"0","0",0.000
N1P,"35",Ontario,"1","0",0.000
N1R,"35",Ontario,"24","2",2.000
N1S,"35",Ontario,"5","0",0.000
N1T,"35",Ontario,"7","1",1.000
N2P,"35",Ontario,"5","1",1.000
N2R,"35",Ontario,"3","0",0.000
N2T,"35",Ontario,"3","2",2.000
N9B,"35",Ontario,"8","4",4.000
N9C,"35",Ontario,"2","0",0.000
N9E,"35",Ontario,"8","4",4.000
R9A,"46",Manitoba,"0","0",0.000
S0A,"47",Saskatchewan,"0","0",0.000
S0C,"47",Saskatchewan,"0","0",0.000
S0E,"47",Saskatchewan,"0","0",0.000
S0G,"47",Saskatchewan,"0","0",0.000
S0H,"47",Saskatchewan,"0","0",0.000
S0J,"47",Saskatchewan,"0","0",0.000
S0K,"47",Saskatchewan,"0","0",0.000
S0L,"47",Saskatchewan,"0","0",0.000
S0M,"47",Saskatchewan,"0","0",0.000
S0N,"47",Saskatchewan,"0","0",0.000
S4A,"47",Saskatchewan,"0","0",0.000
S4N,"47",Saskatchewan,"0","0",0.000
S4S,"47",Saskatchewan,"0","0",0.000
N2A,"35",Ontario,"13","1",1.000
N2B,"35",Ontario,"5","2",2.000
N6E,"35",Ontario,"19","0",0.000
N7S,"35",Ontario,"11","1",1.000
N7V,"35",Ontario,"3","0",0.000
N7W,"35",Ontario,"0","0",0.000
M9M,"35",Ontario,"5","0",0.000
M9N,"35",Ontario,"14","3",3.000
M9P,"35",Ontario,"10","1",1.000
R3Y,"46",Manitoba,"0","0",0.000
N5H,"35",Ontario,"7","0",0.000
N5L,"35",Ontario,"2","0",0.000
N5P,"35",Ontario,"7","1",1.000
N5R,"35",Ontario,"16","1",1.000
N6G,"35",Ontario,"16","1",1.000
M5M,"35",Ontario,"7","5",5.000
M5N,"35",Ontario,"4","0",0.000
M6M,"35",Ontario,"20","7",7.000
M6N,"35",Ontario,"14","2",2.000
M6P,"35",Ontario,"8","6",6.000
R4A,"46",Manitoba,"0","0",0.000
R4G,"46",Manitoba,"0","0",0.000
R4H,"46",Manitoba,"0","0",0.000
R4J,"46",Manitoba,"0","0",0.000
N3W,"35",Ontario,"7","0",0.000
N3Y,"35",Ontario,"15","2",2.000
N4G,"35",Ontario,"7","0",0.000
P1C,"35",Ontario,"0","0",0.000
P1H,"35",Ontario,"10","1",1.000
P1L,"35",Ontario,"9","1",1.000
P1P,"35",Ontario,"8","1",1.000
P2A,"35",Ontario,"10","2",2.000
P2B,"35",Ontario,"6","1",1.000
P2N,"35",Ontario,"4","0",0.000
P3A,"35",Ontario,"15","0",0.000
M5P,"35",Ontario,"7","4",4.000
M5R,"35",Ontario,"16","4",4.000
R2C,"46",Manitoba,"0","0",0.000
R2Y,"46",Manitoba,"0","0",0.000
R3A,"46",Manitoba,"0","0",0.000
R3B,"46",Manitoba,"0","0",0.000
R3C,"46",Manitoba,"0","0",0.000
R3E,"46",Manitoba,"0","0",0.000
N4B,"35",Ontario,"4","0",0.000
N4K,"35",Ontario,"18","0",0.000
L9A,"35",Ontario,"12","0",0.000
P4R,"35",Ontario,"3","0",0.000
P5A,"35",Ontario,"6","1",1.000
P5E,"35",Ontario,"6","0",0.000
P5N,"35",Ontario,"6","1",1.000
P6A,"35",Ontario,"13","0",0.000
R2E,"46",Manitoba,"0","0",0.000
R2G,"46",Manitoba,"0","0",0.000
R2H,"46",Manitoba,"0","0",0.000
N2C,"35",Ontario,"7","2",2.000
N2E,"35",Ontario,"13","1",1.000
N2V,"35",Ontario,"10","0",0.000
N2Z,"35",Ontario,"5","0",0.000
V6P,"59",British Columbia / Colombie-Britannique,"0","0",0.000
V6R,"59",British Columbia / Colombie-Britannique,"0","0",0.000
V6S,"59",British Columbia / Colombie-Britannique,"0","0",0.000
V6T,"59",British Columbia / Colombie-Britannique,"0","0",0.000
V7K,"59",British Columbia / Colombie-Britannique,"0","0",0.000
V7L,"59",British Columbia / Colombie-Britannique,"0","0",0.000
V7M,"59",British Columbia / Colombie-Britannique,"0","0",0.000
T9X,"48",Alberta,"0","0",0.000
V0L,"59",British Columbia / Colombie-Britannique,"0","0",0.000
V0M,"59",British Columbia / Colombie-Britannique,"0","0",0.000
V0N,"59",British Columbia / Colombie-Britannique,"0","0",0.000
V0P,"59",British Columbia / Colombie-Britannique,"0","0",0.000
V0R,"59",British Columbia / Colombie-Britannique,"0","0",0.000
V0S,"59",British Columbia / Colombie-Britannique,"0","0",0.000
V0T,"59",British Columbia / Colombie-Britannique,"0","0",0.000
V0V,"59",British Columbia / Colombie-Britannique,"0","0",0.000
V0W,"59",British Columbia / Colombie-Britannique,"0","0",0.000
V0X,"59",British Columbia / Colombie-Britannique,"0","0",0.000
V1B,"59",British Columbia / Colombie-Britannique,"0","0",0.000
V1C,"59",British Columbia / Colombie-Britannique,"0","0",0.000
V1E,"59",British Columbia / Colombie-Britannique,"0","0",0.000
V1G,"59",British Columbia / Colombie-Britannique,"0","0",0.000
V1H,"59",British Columbia / Colombie-Britannique,"0","0",0.000
V1J,"59",British Columbia / Colombie-Britannique,"0","0",0.000
V1K,"59",British Columbia / Colombie-Britannique,"0","0",0.000
V2S,"59",British Columbia / Colombie-Britannique,"0","0",0.000
V2T,"59",British Columbia / Colombie-Britannique,"0","0",0.000
V2V,"59",British Columbia / Colombie-Britannique,"0","0",0.000
V2W,"59",British Columbia / Colombie-Britannique,"0","0",0.000
V5P,"59",British Columbia / Colombie-Britannique,"0","0",0.000
T2B,"48",Alberta,"0","0",0.000
T2C,"48",Alberta,"0","0",0.000
T2E,"48",Alberta,"0","0",0.000
T6H,"48",Alberta,"0","0",0.000
T6J,"48",Alberta,"0","0",0.000
T3C,"48",Alberta,"0","0",0.000
T3E,"48",Alberta,"0","0",0.000
T3G,"48",Alberta,"0","0",0.000
V4W,"59",British Columbia / Colombie-Britannique,"0","0",0.000
V4X,"59",British Columbia / Colombie-Britannique,"0","0",0.000
V5R,"59",British Columbia / Colombie-Britannique,"0","0",0.000
V5S,"59",British Columbia / Colombie-Britannique,"0","0",0.000
V5T,"59",British Columbia / Colombie-Britannique,"0","0",0.000
V5V,"59",British Columbia / Colombie-Britannique,"0","0",0.000
S7N,"47",Saskatchewan,"0","0",0.000
T6K,"48",Alberta,"0","0",0.000
T6L,"48",Alberta,"0","0",0.000
V3H,"59",British Columbia / Colombie-Britannique,"0","0",0.000
V3J,"59",British Columbia / Colombie-Britannique,"0","0",0.000
T8H,"48",Alberta,"0","0",0.000
T8T,"48",Alberta,"0","0",0.000
T8V,"48",Alberta,"0","0",0.000
T8W,"48",Alberta,"0","0",0.000
T9A,"48",Alberta,"0","0",0.000
T9C,"48",Alberta,"0","0",0.000
V8M,"59",British Columbia / Colombie-Britannique,"0","0",0.000
V8N,"59",British Columbia / Colombie-Britannique,"0","0",0.000
V8P,"59",British Columbia / Colombie-Britannique,"0","0",0.000
V8R,"59",British Columbia / Colombie-Britannique,"0","0",0.000
T4B,"48",Alberta,"0","0",0.000
T4C,"48",Alberta,"0","0",0.000
T4G,"48",Alberta,"0","0",0.000
T4J,"48",Alberta,"0","0",0.000
T4L,"48",Alberta,"0","0",0.000
V1L,"59",British Columbia / Colombie-Britannique,"0","0",0.000
V1N,"59",British Columbia / Colombie-Britannique,"0","0",0.000
V1P,"59",British Columbia / Colombie-Britannique,"0","0",0.000
V1R,"59",British Columbia / Colombie-Britannique,"0","0",0.000
S7P,"47",Saskatchewan,"0","0",0.000
S7R,"47",Saskatchewan,"0","0",0.000
S7S,"47",Saskatchewan,"0","0",0.000
S7T,"47",Saskatchewan,"0","0",0.000
T5M,"48",Alberta,"0","0",0.000
T5N,"48",Alberta,"0","0",0.000
V3K,"59",British Columbia / Colombie-Britannique,"0","0",0.000
V3L,"59",British Columbia / Colombie-Britannique,"0","0",0.000
V6V,"59",British Columbia / Colombie-Britannique,"0","0",0.000
V6W,"59",British Columbia / Colombie-Britannique,"0","0",0.000
V3Z,"59",British Columbia / Colombie-Britannique,"0","0",0.000
V4A,"59",British Columbia / Colombie-Britannique,"0","0",0.000
V4B,"59",British Columbia / Colombie-Britannique,"0","0",0.000
T4E,"48",Alberta,"0","0",0.000
T4H,"48",Alberta,"0","0",0.000
T5P,"48",Alberta,"0","0",0.000
T5R,"48",Alberta,"0","0",0.000
V2X,"59",British Columbia / Colombie-Britannique,"0","0",0.000
V6X,"59",British Columbia / Colombie-Britannique,"0","0",0.000
V6Y,"59",British Columbia / Colombie-Britannique,"0","0",0.000
T2G,"48",Alberta,"0","0",0.000
T2H,"48",Alberta,"0","0",0.000
T2J,"48",Alberta,"0","0",0.000
V9Z,"59",British Columbia / Colombie-Britannique,"0","0",0.000
X0B,"62",Nunavut,"0","0",0.000
X0C,"62",Nunavut,"0","0",0.000
X0E,"61",Northwest Territories / Territoires du Nord-Ouest,"0","0",0.000
X0G,"61",Northwest Territories / Territoires du Nord-Ouest,"0","0",0.000
X1A,"61",Northwest Territories / Territoires du Nord-Ouest,"0","0",0.000
Y0A,"60",Yukon,"0","0",0.000
Y0B,"60",Yukon,"0","0",0.000
V4K,"59",British Columbia / Colombie-Britannique,"0","0",0.000
V4L,"59",British Columbia / Colombie-Britannique,"0","0",0.000
V1A,"59",British Columbia / Colombie-Britannique,"0","0",0.000
V1M,"59",British Columbia / Colombie-Britannique,"0","0",0.000
V1S,"59",British Columbia / Colombie-Britannique,"0","0",0.000
V1T,"59",British Columbia / Colombie-Britannique,"0","0",0.000
V2Y,"59",British Columbia / Colombie-Britannique,"0","0",0.000
V5W,"59",British Columbia / Colombie-Britannique,"0","0",0.000
V5X,"59",British Columbia / Colombie-Britannique,"0","0",0.000
V5Y,"59",British Columbia / Colombie-Britannique,"0","0",0.000
T2K,"48",Alberta,"0","0",0.000
T2L,"48",Alberta,"0","0",0.000
T2M,"48",Alberta,"0","0",0.000
T6M,"48",Alberta,"0","0",0.000
Y1A,"60",Yukon,"0","0",0.000
V4C,"59",British Columbia / Colombie-Britannique,"0","0",0.000
V4E,"59",British Columbia / Colombie-Britannique,"0","0",0.000
V5A,"59",British Columbia / Colombie-Britannique,"0","0",0.000
V5B,"59",British Columbia / Colombie-Britannique,"0","0",0.000
V5C,"59",British Columbia / Colombie-Britannique,"0","0",0.000
V5Z,"59",British Columbia / Colombie-Britannique,"0","0",0.000
S7V,"47",Saskatchewan,"0","0",0.000
S7W,"47",Saskatchewan,"0","0",0.000
S9A,"47",Saskatchewan,"0","0",0.000
S9H,"47",Saskatchewan,"0","0",0.000
S9V,"47",Saskatchewan,"0","0",0.000
S9X,"47",Saskatchewan,"0","0",0.000
T0A,"48",Alberta,"0","0",0.000
T0B,"48",Alberta,"0","0",0.000
T6P,"48",Alberta,"0","0",0.000
T6R,"48",Alberta,"0","0",0.000
T6S,"48",Alberta,"0","0",0.000
T6T,"48",Alberta,"0","0",0.000
V3M,"59",British Columbia / Colombie-Britannique,"0","0",0.000
V4G,"59",British Columbia / Colombie-Britannique,"0","0",0.000
V7N,"59",British Columbia / Colombie-Britannique,"0","0",0.000
V7P,"59",British Columbia / Colombie-Britannique,"0","0",0.000
S4P,"47",Saskatchewan,"0","0",0.000
S4R,"47",Saskatchewan,"0","0",0.000
S4V,"47",Saskatchewan,"0","0",0.000
S4W,"47",Saskatchewan,"0","0",0.000
S4X,"47",Saskatchewan,"0","0",0.000
T0C,"48",Alberta,"0","0",0.000
T0E,"48",Alberta,"0","0",0.000
T0G,"48",Alberta,"0","0",0.000
T0H,"48",Alberta,"0","0",0.000
T0J,"48",Alberta,"0","0",0.000
T0K,"48",Alberta,"0","0",0.000
T0L,"48",Alberta,"0","0",0.000
T0M,"48",Alberta,"0","0",0.000
T0P,"48",Alberta,"0","0",0.000
T0V,"48",Alberta,"0","0",0.000
T1A,"48",Alberta,"0","0",0.000
T5S,"48",Alberta,"0","0",0.000
T5T,"48",Alberta,"0","0",0.000
V3N,"59",British Columbia / Colombie-Britannique,"0","0",0.000
V3R,"59",British Columbia / Colombie-Britannique,"0","0",0.000
V6Z,"59",British Columbia / Colombie-Britannique,"0","0",0.000
V7R,"59",British Columbia / Colombie-Britannique,"0","0",0.000
T3H,"48",Alberta,"0","0",0.000
T3J,"48",Alberta,"0","0",0.000
T4M,"48",Alberta,"0","0",0.000
T4N,"48",Alberta,"0","0",0.000
T4P,"48",Alberta,"0","0",0.000
T4R,"48",Alberta,"0","0",0.000
T4S,"48",Alberta,"0","0",0.000
T4T,"48",Alberta,"0","0",0.000
T4V,"48",Alberta,"0","0",0.000
T5V,"48",Alberta,"0","0",0.000
T5W,"48",Alberta,"0","0",0.000
V2Z,"59",British Columbia / Colombie-Britannique,"0","0",0.000
V7A,"59",British Columbia / Colombie-Britannique,"0","0",0.000
V7B,"59",British Columbia / Colombie-Britannique,"0","0",0.000
V7C,"59",British Columbia / Colombie-Britannique,"0","0",0.000
T8X,"48",Alberta,"0","0",0.000
T9E,"48",Alberta,"0","0",0.000
V4M,"59",British Columbia / Colombie-Britannique,"0","0",0.000
V1V,"59",British Columbia / Colombie-Britannique,"0","0",0.000
V1W,"59",British Columbia / Colombie-Britannique,"0","0",0.000
V1X,"59",British Columbia / Colombie-Britannique,"0","0",0.000
V1Z,"59",British Columbia / Colombie-Britannique,"0","0",0.000
V2A,"59",British Columbia / Colombie-Britannique,"0","0",0.000
V2B,"59",British Columbia / Colombie-Britannique,"0","0",0.000
V2C,"59",British Columbia / Colombie-Britannique,"0","0",0.000
V2E,"59",British Columbia / Colombie-Britannique,"0","0",0.000
V2G,"59",British Columbia / Colombie-Britannique,"0","0",0.000
V2H,"59",British Columbia / Colombie-Britannique,"0","0",0.000
V2J,"59",British Columbia / Colombie-Britannique,"0","0",0.000
V2K,"59",British Columbia / Colombie-Britannique,"0","0",0.000
V2M,"59",British Columbia / Colombie-Britannique,"0","0",0.000
V2N,"59",British Columbia / Colombie-Britannique,"0","0",0.000
V2P,"59",British Columbia / Colombie-Britannique,"0","0",0.000
V2R,"59",British Columbia / Colombie-Britannique,"0","0",0.000
V3A,"59",British Columbia / Colombie-Britannique,"0","0",0.000
V6A,"59",British Columbia / Colombie-Britannique,"0","0",0.000
V6B,"59",British Columbia / Colombie-Britannique,"0","0",0.000
V6C,"59",British Columbia / Colombie-Britannique,"0","0",0.000
V6E,"59",British Columbia / Colombie-Britannique,"0","0",0.000
V6G,"59",British Columbia / Colombie-Britannique,"0","0",0.000
T2N,"48",Alberta,"0","0",0.000
T2P,"48",Alberta,"0","0",0.000
T2R,"48",Alberta,"0","0",0.000
T2S,"48",Alberta,"0","0",0.000
T2T,"48",Alberta,"0","0",0.000
V4N,"59",British Columbia / Colombie-Britannique,"0","0",0.000
V4P,"59",British Columbia / Colombie-Britannique,"0","0",0.000
V4R,"59",British Columbia / Colombie-Britannique,"0","0",0.000
V4T,"59",British Columbia / Colombie-Britannique,"0","0",0.000
V4Z,"59",British Columbia / Colombie-Britannique,"0","0",0.000
V5E,"59",British Columbia / Colombie-Britannique,"0","0",0.000
V5G,"59",British Columbia / Colombie-Britannique,"0","0",0.000
V5H,"59",British Columbia / Colombie-Britannique,"0","0",0.000
S4Y,"47",Saskatchewan,"0","0",0.000
S4Z,"47",Saskatchewan,"0","0",0.000
S6H,"47",Saskatchewan,"0","0",0.000
S6J,"47",Saskatchewan,"0","0",0.000
S6K,"47",Saskatchewan,"0","0",0.000
S6V,"47",Saskatchewan,"0","0",0.000
V6H,"59",British Columbia / Colombie-Britannique,"0","0",0.000
T1B,"48",Alberta,"0","0",0.000
T1C,"48",Alberta,"0","0",0.000
T1G,"48",Alberta,"0","0",0.000
T1H,"48",Alberta,"0","0",0.000
T1K,"48",Alberta,"0","0",0.000
T6V,"48",Alberta,"0","0",0.000
T6W,"48",Alberta,"0","0",0.000
T6X,"48",Alberta,"0","0",0.000
T7A,"48",Alberta,"0","0",0.000
T7E,"48",Alberta,"0","0",0.000
T7N,"48",Alberta,"0","0",0.000
V7S,"59",British Columbia / Colombie-Britannique,"0","0",0.000
V7T,"59",British Columbia / Colombie-Britannique,"0","0",0.000
V7V,"59",British Columbia / Colombie-Britannique,"0","0",0.000
V7W,"59",British Columbia / Colombie-Britannique,"0","0",0.000
V8G,"59",British Columbia / Colombie-Britannique,"0","0",0.000
V8J,"59",British Columbia / Colombie-Britannique,"0","0",0.000
V8K,"59",British Columbia / Colombie-Britannique,"0","0",0.000
S6W,"47",Saskatchewan,"0","0",0.000
S6X,"47",Saskatchewan,"0","0",0.000
S7H,"47",Saskatchewan,"0","0",0.000
T4X,"48",Alberta,"0","0",0.000
T1L,"48",Alberta,"0","0",0.000
T5X,"48",Alberta,"0","0",0.000
T5Y,"48",Alberta,"0","0",0.000
T5Z,"48",Alberta,"0","0",0.000
V3S,"59",British Columbia / Colombie-Britannique,"0","0",0.000
V3T,"59",British Columbia / Colombie-Britannique,"0","0",0.000
V3V,"59",British Columbia / Colombie-Britannique,"0","0",0.000
T3M,"48",Alberta,"0","0",0.000
T3N,"48",Alberta,"0","0",0.000
T3P,"48",Alberta,"0","0",0.000
T5A,"48",Alberta,"0","0",0.000
T5B,"48",Alberta,"0","0",0.000
T5C,"48",Alberta,"0","0",0.000
T5E,"48",Alberta,"0","0",0.000
V1Y,"59",British Columbia / Colombie-Britannique,"0","0",0.000
T6A,"48",Alberta,"0","0",0.000
V3B,"59",British Columbia / Colombie-Britannique,"0","0",0.000
V3C,"59",British Columbia / Colombie-Britannique,"0","0",0.000
V7E,"59",British Columbia / Colombie-Britannique,"0","0",0.000
V7G,"59",British Columbia / Colombie-Britannique,"0","0",0.000
V7H,"59",British Columbia / Colombie-Britannique,"0","0",0.000
V7J,"59",British Columbia / Colombie-Britannique,"0","0",0.000
T9G,"48",Alberta,"0","0",0.000
T9H,"48",Alberta,"0","0",0.000
T9J,"48",Alberta,"0","0",0.000
T9K,"48",Alberta,"0","0",0.000
T9M,"48",Alberta,"0","0",0.000
T9N,"48",Alberta,"0","0",0.000
T9S,"48",Alberta,"0","0",0.000
T9V,"48",Alberta,"0","0",0.000
T9W,"48",Alberta,"0","0",0.000
V0A,"59",British Columbia / Colombie-Britannique,"0","0",0.000
V0B,"59",British Columbia / Colombie-Britannique,"0","0",0.000
V0C,"59",British Columbia / Colombie-Britannique,"0","0",0.000
V0E,"59",British Columbia / Colombie-Britannique,"0","0",0.000
V0G,"59",British Columbia / Colombie-Britannique,"0","0",0.000
V0H,"59",British Columbia / Colombie-Britannique,"0","0",0.000
V0J,"59",British Columbia / Colombie-Britannique,"0","0",0.000
V0K,"59",British Columbia / Colombie-Britannique,"0","0",0.000
V2L,"59",British Columbia / Colombie-Britannique,"0","0",0.000
V5J,"59",British Columbia / Colombie-Britannique,"0","0",0.000
V5K,"59",British Columbia / Colombie-Britannique,"0","0",0.000
V5L,"59",British Columbia / Colombie-Britannique,"0","0",0.000
V6J,"59",British Columbia / Colombie-Britannique,"0","0",0.000
V6K,"59",British Columbia / Colombie-Britannique,"0","0",0.000
V6L,"59",British Columbia / Colombie-Britannique,"0","0",0.000
V6M,"59",British Columbia / Colombie-Britannique,"0","0",0.000
V6N,"59",British Columbia / Colombie-Britannique,"0","0",0.000
T2V,"48",Alberta,"0","0",0.000
T2W,"48",Alberta,"0","0",0.000
T2X,"48",Alberta,"0","0",0.000
T2Y,"48",Alberta,"0","0",0.000
T2Z,"48",Alberta,"0","0",0.000
T3A,"48",Alberta,"0","0",0.000
T3B,"48",Alberta,"0","0",0.000
T3K,"48",Alberta,"0","0",0.000
T3L,"48",Alberta,"0","0",0.000
T3Z,"48",Alberta,"0","0",0.000
T7S,"48",Alberta,"0","0",0.000
T7V,"48",Alberta,"0","0",0.000
T7X,"48",Alberta,"0","0",0.000
V4S,"59",British Columbia / Colombie-Britannique,"0","0",0.000
V4V,"59",British Columbia / Colombie-Britannique,"0","0",0.000
V5M,"59",British Columbia / Colombie-Britannique,"0","0",0.000
V5N,"59",British Columbia / Colombie-Britannique,"0","0",0.000
S7J,"47",Saskatchewan,"0","0",0.000
S7K,"47",Saskatchewan,"0","0",0.000
T1M,"48",Alberta,"0","0",0.000
T1P,"48",Alberta,"0","0",0.000
T1R,"48",Alberta,"0","0",0.000
T1S,"48",Alberta,"0","0",0.000
T1V,"48",Alberta,"0","0",0.000
T1W,"48",Alberta,"0","0",0.000
T1X,"48",Alberta,"0","0",0.000
T1Y,"48",Alberta,"0","0",0.000
T1Z,"48",Alberta,"0","0",0.000
T2A,"48",Alberta,"0","0",0.000
T7P,"48",Alberta,"0","0",0.000
T7Y,"48",Alberta,"0","0",0.000
T7Z,"48",Alberta,"0","0",0.000
T8A,"48",Alberta,"0","0",0.000
T8B,"48",Alberta,"0","0",0.000
T8C,"48",Alberta,"0","0",0.000
T8E,"48",Alberta,"0","0",0.000
T8G,"48",Alberta,"0","0",0.000
T8L,"48",Alberta,"0","0",0.000
T8N,"48",Alberta,"0","0",0.000
T8R,"48",Alberta,"0","0",0.000
T8S,"48",Alberta,"0","0",0.000
V8A,"59",British Columbia / Colombie-Britannique,"0","0",0.000
V8B,"59",British Columbia / Colombie-Britannique,"0","0",0.000
V8C,"59",British Columbia / Colombie-Britannique,"0","0",0.000
V8L,"59",British Columbia / Colombie-Britannique,"0","0",0.000
S7L,"47",Saskatchewan,"0","0",0.000
S7M,"47",Saskatchewan,"0","0",0.000
T5G,"48",Alberta,"0","0",0.000
T6B,"48",Alberta,"0","0",0.000
T6C,"48",Alberta,"0","0",0.000
T6E,"48",Alberta,"0","0",0.000
T6G,"48",Alberta,"0","0",0.000
V3W,"59",British Columbia / Colombie-Britannique,"0","0",0.000
V3X,"59",British Columbia / Colombie-Britannique,"0","0",0.000
V3Y,"59",British Columbia / Colombie-Britannique,"0","0",0.000
T3R,"48",Alberta,"0","0",0.000
T3S,"48",Alberta,"0","0",0.000
T4A,"48",Alberta,"0","0",0.000
T5H,"48",Alberta,"0","0",0.000
T5J,"48",Alberta,"0","0",0.000
T5K,"48",Alberta,"0","0",0.000
T5L,"48",Alberta,"0","0",0.000
V3E,"59",British Columbia / Colombie-Britannique,"0","0",0.000
V3G,"59",British Columbia / Colombie-Britannique,"0","0",0.000
