name,street,city,postal,province,date,link
Abby Pharmacy,#100 - 2845 Cruickshank Street,Abbotsford,V2T 6X1,British Columbia,2021-04-11T20:42:54.540Z,https://immunizebc.ca/initial-covid-19-vaccines-pharmacies
Beyond Pharmacy 2,#150 - 1575 McCallum Road,Abbotsford,V2S 0K2,British Columbia,2021-04-11T20:42:54.545Z,https://immunizebc.ca/initial-covid-19-vaccines-pharmacies
Blueridge Pharmacy,#101 - 30461 Blueridge Drive,Abbotsford,V2T 0B1,British Columbia,2021-04-11T20:42:54.546Z,https://immunizebc.ca/initial-covid-19-vaccines-pharmacies
Clearbrook Pharmacy,Suite 1 - 2629 Cedar Park Place,Abbotsford,V2T 3S4,British Columbia,2021-04-11T20:42:54.546Z,https://immunizebc.ca/initial-covid-19-vaccines-pharmacies
Costco Pharmacy #163,1127 Sumas Way,Abbotsford,V2S 8H2,British Columbia,2021-04-11T20:42:54.547Z,https://immunizebc.ca/initial-covid-19-vaccines-pharmacies
Garden Park Pharmacy No.2,103 - 32625 South Fraser Way,Abbotsford,V2T 1X8,British Columbia,2021-04-11T20:42:54.547Z,https://immunizebc.ca/initial-covid-19-vaccines-pharmacies
Gladwin Pharmacy,#104 2955 Gladwin Road,Abbotsford,V2T 5T4,British Columbia,2021-04-11T20:42:54.548Z,https://immunizebc.ca/initial-covid-19-vaccines-pharmacies
Hillcrest Pharmacy,#100 - 32156 Hillcrest Avenue,Abbotsford,V2T 1S5,British Columbia,2021-04-11T20:42:54.548Z,https://immunizebc.ca/initial-covid-19-vaccines-pharmacies
Loblaw Pharmacy #1558,2855 Gladwin Road,Abbotsford,V2T 6Y4,British Columbia,2021-04-11T20:42:54.549Z,https://immunizebc.ca/initial-covid-19-vaccines-pharmacies
London Drugs #16-Clearbrook,#26-32700 South Fraser Way,Abbotsford,V2T 4M5,British Columbia,2021-04-11T20:42:54.549Z,https://immunizebc.ca/initial-covid-19-vaccines-pharmacies
McCallum Pharmacy,2481B McCallum Road,Abbotsford,V2S 3P8,British Columbia,2021-04-11T20:42:54.550Z,https://immunizebc.ca/initial-covid-19-vaccines-pharmacies
Medical Tower Drugs Ltd.,Suite 6 - 2151 McCallum Road,Abbotsford,V2S 3N8,British Columbia,2021-04-11T20:42:54.550Z,https://immunizebc.ca/initial-covid-19-vaccines-pharmacies
Mt. Lehman Pharmacy***,110 - 30495 Cardinal Avenue,Abbotsford,V2T 0A5,British Columbia,2021-04-11T20:42:54.550Z,https://immunizebc.ca/initial-covid-19-vaccines-pharmacies
Newgen Pharmachoice,#100 - 1945 McCallum Road,Abbotsford,V2S 3N2,British Columbia,2021-04-11T20:42:54.551Z,https://immunizebc.ca/initial-covid-19-vaccines-pharmacies
Otter Co-Op Pharmacy (Mt. Lehman),3270 Mt. Lehman Road,Abbotsford,V4X 2M9,British Columbia,2021-04-11T20:42:54.551Z,https://immunizebc.ca/initial-covid-19-vaccines-pharmacies
Otter Co-Op Pharmacy (Parallel),#100 - 1888 North Parallel Road,Abbotsford,V3G 2C6,British Columbia,2021-04-11T20:42:54.551Z,https://immunizebc.ca/initial-covid-19-vaccines-pharmacies
Pharmacity Drugstore #2,102 - 2752 Allwood Street,Abbotsford,V2T 3R7,British Columbia,2021-04-11T20:42:54.551Z,https://immunizebc.ca/initial-covid-19-vaccines-pharmacies
Pharmacy #24,#108 - 2777 Gladwin Rd,Abbotsford,V2T 4V1,British Columbia,2021-04-11T20:42:54.551Z,https://immunizebc.ca/initial-covid-19-vaccines-pharmacies
Pharmasave Health Centre #086,#520 - 3033 Immel Street,Abbotsford,V2S 6S2,British Columbia,2021-04-11T20:42:54.552Z,https://immunizebc.ca/initial-covid-19-vaccines-pharmacies
Pharmasave Health Centre #1011,#101-2359 Clearbrook Road,Abbotsford,V2T 2X6,British Columbia,2021-04-11T20:42:54.552Z,https://immunizebc.ca/initial-covid-19-vaccines-pharmacies
Plaza Pharmacy,#174 - 2655 Clearbrook Road,Abbotsford,V2T 2Y6,British Columbia,2021-04-11T20:42:54.552Z,https://immunizebc.ca/initial-covid-19-vaccines-pharmacies
Save-on-Foods Pharmacy #2208 - Clearbrook,Suite 300 - 32700 South Fraser Way,Abbotsford,V2T 4M5,British Columbia,2021-04-11T20:42:54.553Z,https://immunizebc.ca/initial-covid-19-vaccines-pharmacies
Save-On-Foods Pharmacy #904 - Abbotsford,2140 Sumas Way,Abbotsford,V2S 2C7,British Columbia,2021-04-11T20:42:54.553Z,https://immunizebc.ca/initial-covid-19-vaccines-pharmacies
Save-On-Foods Pharmacy #981 - Whatcom,2388 Whatcom Road,Abbotsford,V3G 0C1,British Columbia,2021-04-11T20:42:54.553Z,https://immunizebc.ca/initial-covid-19-vaccines-pharmacies
Shoppers Drug Mart #0205,Suite 143 - 32900 South Fraser Way,Abbotsford,V2S 5A1,British Columbia,2021-04-11T20:42:54.554Z,https://immunizebc.ca/initial-covid-19-vaccines-pharmacies
Shoppers Drug Mart #2241,Unit 1 - 2871 Livingstone Avenue,Abbotsford,V2T 0E2,British Columbia,2021-04-11T20:42:54.554Z,https://immunizebc.ca/initial-covid-19-vaccines-pharmacies
Shoppers Drug Mart #2288,2332 Whatcom Road,Abbotsford,V3G 0C1,British Columbia,2021-04-11T20:42:54.554Z,https://immunizebc.ca/initial-covid-19-vaccines-pharmacies
Townline Pharmacy,#105 - 3670 Townline Road,Abbotsford,V2T 0H2,British Columbia,2021-04-11T20:42:54.554Z,https://immunizebc.ca/initial-covid-19-vaccines-pharmacies
Wal-Mart Pharmacy #3019,1812 Vedder Way,Abbotsford,V2S 8K1,British Columbia,2021-04-11T20:42:54.555Z,https://immunizebc.ca/initial-covid-19-vaccines-pharmacies
Wellness Pharmacy #9,102 & 103 2180 Gladwin Rd,Abbotsford,V2S 0H4,British Columbia,2021-04-11T20:42:54.555Z,https://immunizebc.ca/initial-covid-19-vaccines-pharmacies
Winmed Pharmacy,104 - 32450 Simon Ave,Abbotsford,V2T 4J2,British Columbia,2021-04-11T20:42:54.555Z,https://immunizebc.ca/initial-covid-19-vaccines-pharmacies
Agassiz Remedy Rx Pharmacy,7046 Pioneer Avenue,Agassiz,V0M 1A0,British Columbia,2021-04-11T20:42:54.556Z,https://immunizebc.ca/initial-covid-19-vaccines-pharmacies
Shoppers Drug Mart #2133,E. 7130 Pioneer Avenue,Agassiz,V0M 1A0,British Columbia,2021-04-11T20:42:54.556Z,https://immunizebc.ca/initial-covid-19-vaccines-pharmacies
Aldergrove Community Pharmacy,27105 Fraser Hwy,Aldergrove,V4W 3R2,British Columbia,2021-04-11T20:42:54.556Z,https://immunizebc.ca/initial-covid-19-vaccines-pharmacies
FreshCo Pharmacy #4265,27566 Fraser Highway,Aldergrove,V4W 3N5,British Columbia,2021-04-11T20:42:54.557Z,https://immunizebc.ca/initial-covid-19-vaccines-pharmacies
Otter Co-Op Pharmacy,3650 248 Street,Aldergrove,V4W 1X7,British Columbia,2021-04-11T20:42:54.557Z,https://immunizebc.ca/initial-covid-19-vaccines-pharmacies
Save-On-Foods Pharmacy #902 - Aldergrove,26310 Fraser Highway,Aldergrove,V4W 2Z7,British Columbia,2021-04-11T20:42:54.557Z,https://immunizebc.ca/initial-covid-19-vaccines-pharmacies
Shoppers Drug Mart #2266,26310 Fraser Hwy,Aldergrove,V4W 2Z7,British Columbia,2021-04-11T20:42:54.557Z,https://immunizebc.ca/initial-covid-19-vaccines-pharmacies
Cates Medicine Centre,203 - 495 Trunk Rd,Bowen Island,V0N 1G0,British Columbia,2021-04-11T20:42:54.557Z,https://immunizebc.ca/initial-covid-19-vaccines-pharmacies
BC Drugs Pharmacy,9618 Cameron Street,Burnaby,V3J 1M2,British Columbia,2021-04-11T20:42:54.558Z,https://immunizebc.ca/initial-covid-19-vaccines-pharmacies
Bonsor Pharmacy,#107 - 6411 Nelson Avenue,Burnaby,V5H 4H3,British Columbia,2021-04-11T20:42:54.558Z,https://immunizebc.ca/initial-covid-19-vaccines-pharmacies
Brentwood Pharmacy,4451 Lougheed Hwy.,Burnaby,V5C 3Z2,British Columbia,2021-04-11T20:42:54.558Z,https://immunizebc.ca/initial-covid-19-vaccines-pharmacies
Burnaby Square Pharmacy,#107 - 7885 6th Street,Burnaby,V3N 3N4,British Columbia,2021-04-11T20:42:54.558Z,https://immunizebc.ca/initial-covid-19-vaccines-pharmacies
Capitol Hill Pharmacy,4655 Hastings Street,Burnaby,V5C 2K6,British Columbia,2021-04-11T20:42:54.558Z,https://immunizebc.ca/initial-covid-19-vaccines-pharmacies
Central Park Pharmacy,3963 Kingsway,Burnaby,V5H 1Y7,British Columbia,2021-04-11T20:42:54.559Z,https://immunizebc.ca/initial-covid-19-vaccines-pharmacies
Costco Pharmacy #051,3550 Brighton Avenue,Burnaby,V5A 4W3,British Columbia,2021-04-11T20:42:54.559Z,https://immunizebc.ca/initial-covid-19-vaccines-pharmacies
Costco Pharmacy #548,4500 Still Creek Drive,Burnaby,V5C 0E5,British Columbia,2021-04-11T20:42:54.559Z,https://immunizebc.ca/initial-covid-19-vaccines-pharmacies
Crystal Pharmacy & Medical Supplies,#1611 - 4500 Kingsway,Burnaby,V5H 2A9,British Columbia,2021-04-11T20:42:54.559Z,https://immunizebc.ca/initial-covid-19-vaccines-pharmacies
Dawson Pharmacy,4218 Dawson Street,Burnaby,V5C 0B8,British Columbia,2021-04-11T20:42:54.560Z,https://immunizebc.ca/initial-covid-19-vaccines-pharmacies
Edmonds Pharmacy,#105-7315 Edmonds Street,Burnaby,V3N 1A7,British Columbia,2021-04-11T20:42:54.560Z,https://immunizebc.ca/initial-covid-19-vaccines-pharmacies
Enhance RX,302 - 3965 Kingsway Avenue,Burnaby,V5H 1Y8,British Columbia,2021-04-11T20:42:54.560Z,https://immunizebc.ca/initial-covid-19-vaccines-pharmacies
Grace Pharmacy,3835 Sunset Street,Burnaby,V5G 1T4,British Columbia,2021-04-11T20:42:54.560Z,https://immunizebc.ca/initial-covid-19-vaccines-pharmacies
Loblaw Pharmacy #1518,1105 - 4700 Kingsway,Burnaby,V5H 4M1,British Columbia,2021-04-11T20:42:54.560Z,https://immunizebc.ca/initial-covid-19-vaccines-pharmacies
London Drugs #25-Austin Road,9855 Austin Road,Burnaby,V3J 1N4,British Columbia,2021-04-11T20:42:54.561Z,https://immunizebc.ca/initial-covid-19-vaccines-pharmacies
Medical Pharmacy #48,180 - 3700 North Fraser Way,Burnaby,V5J 5H4,British Columbia,2021-04-11T20:42:54.561Z,https://immunizebc.ca/initial-covid-19-vaccines-pharmacies
Medicine Shoppe #292,Unit M41 - 4277 Kingsway,Burnaby,V5H 3Z2,British Columbia,2021-04-11T20:42:54.561Z,https://immunizebc.ca/initial-covid-19-vaccines-pharmacies
Medicine Shoppe #402,3982 Hastings Street,Burnaby,V5C 6C1,British Columbia,2021-04-11T20:42:54.562Z,https://immunizebc.ca/initial-covid-19-vaccines-pharmacies
Peoples Inwell Pharmacy,Unit 1 - 4655 Central Boulevard,Burnaby,V5H 4H7,British Columbia,2021-04-11T20:42:54.562Z,https://immunizebc.ca/initial-covid-19-vaccines-pharmacies
Pharmachoice South Slope,5203 Rumble Street,Burnaby,V5J 2B7,British Columbia,2021-04-11T20:42:54.562Z,https://immunizebc.ca/initial-covid-19-vaccines-pharmacies
Pharmasave #203,8697-10th Avenue,Burnaby,V3N 2S9,British Columbia,2021-04-11T20:42:54.562Z,https://immunizebc.ca/initial-covid-19-vaccines-pharmacies
Pharmasave #278,4367 E. Hastings Street,Burnaby,V5C 2J7,British Columbia,2021-04-11T20:42:54.563Z,https://immunizebc.ca/initial-covid-19-vaccines-pharmacies
Rexall #7163,#140-6200 McKay Avenue,Burnaby,V5H 4L7,British Columbia,2021-04-11T20:42:54.563Z,https://immunizebc.ca/initial-covid-19-vaccines-pharmacies
Rxcare Pharmacy & Compounding,4695 Canada Way,Burnaby,V5G 1K9,British Columbia,2021-04-11T20:42:54.563Z,https://immunizebc.ca/initial-covid-19-vaccines-pharmacies
Safeway Pharmacy #4911,4440 Hastings Street,Burnaby,V5C 2K2,British Columbia,2021-04-11T20:42:54.563Z,https://immunizebc.ca/initial-covid-19-vaccines-pharmacies
Safeway Pharmacy #4913,6564 Hastings Street,Burnaby,V5B 1S2,British Columbia,2021-04-11T20:42:54.563Z,https://immunizebc.ca/initial-covid-19-vaccines-pharmacies
Save-on-Foods Pharmacy #2228 - Marine Way,7501 Market Crossing,Burnaby,V5J 0A3,British Columbia,2021-04-11T20:42:54.564Z,https://immunizebc.ca/initial-covid-19-vaccines-pharmacies
Save-On-Foods Pharmacy #907 - Highgate,#200 - 7155 Kingsway,Burnaby,V5E 2V1,British Columbia,2021-04-11T20:42:54.564Z,https://immunizebc.ca/initial-covid-19-vaccines-pharmacies
Save-on-Foods Pharmacy #996 - Madison,4399 Lougheed Highway,Burnaby,V5C 3Y7,British Columbia,2021-04-11T20:42:54.564Z,https://immunizebc.ca/initial-covid-19-vaccines-pharmacies
Shoppers Drug Mart #0214,6508 East Hastings Street,Burnaby,V5B 1S2,British Columbia,2021-04-11T20:42:54.564Z,https://immunizebc.ca/initial-covid-19-vaccines-pharmacies
Shoppers Drug Mart #0246,4429 Kingsway,Burnaby,V5H 2A1,British Columbia,2021-04-11T20:42:54.565Z,https://immunizebc.ca/initial-covid-19-vaccines-pharmacies
Shoppers Drug Mart #0253,#250 - 7155 Kingsway,Burnaby,V5E 2V1,British Columbia,2021-04-11T20:42:54.565Z,https://immunizebc.ca/initial-covid-19-vaccines-pharmacies
Shoppers Drug Mart #2127,4303 Hastings Street,Burnaby,V5C 2J7,British Columbia,2021-04-11T20:42:54.565Z,https://immunizebc.ca/initial-covid-19-vaccines-pharmacies
Shoppers Drug Mart #2250,Metrotown Centre,Burnaby,V5H 4J2,British Columbia,2021-04-11T20:42:54.565Z,https://immunizebc.ca/initial-covid-19-vaccines-pharmacies
Shoppers Drug Mart #2255,104 - 3433 North Road,Burnaby,V3J 0A9,British Columbia,2021-04-11T20:42:54.565Z,https://immunizebc.ca/initial-covid-19-vaccines-pharmacies
Shoppers Drug Mart #2283,4827 Kingsway,Burnaby,V5H 4T6,British Columbia,2021-04-11T20:42:54.566Z,https://immunizebc.ca/initial-covid-19-vaccines-pharmacies
Sunset Pharmacy Ltd.,3818 Sunset Street,Burnaby,V5G 1T3,British Columbia,2021-04-11T20:42:54.566Z,https://immunizebc.ca/initial-covid-19-vaccines-pharmacies
Wal-Mart Pharmacy #1213,4545 Central Blvd,Burnaby,V5H 4J5,British Columbia,2021-04-11T20:42:54.566Z,https://immunizebc.ca/initial-covid-19-vaccines-pharmacies
Wellness Pharmacy No. 13,4838A Hastings Street,Burnaby,V5C 0J7,British Columbia,2021-04-11T20:42:54.566Z,https://immunizebc.ca/initial-covid-19-vaccines-pharmacies
Wescana Pharmacy #6,4012 East Hastings Street,Burnaby,V5C 2H9,British Columbia,2021-04-11T20:42:54.566Z,https://immunizebc.ca/initial-covid-19-vaccines-pharmacies
Cascade Pharmacy,Unit A - 46298 Yale Road,Chilliwack,V2P 2P6,British Columbia,2021-04-11T20:42:54.567Z,https://immunizebc.ca/initial-covid-19-vaccines-pharmacies
Cottonwood Remedy'sRx,100 - 45428 Luckakuck Way,Chilliwack,V2R 3S9,British Columbia,2021-04-11T20:42:54.567Z,https://immunizebc.ca/initial-covid-19-vaccines-pharmacies
FreshCo Pharmacy #4269,45850 Yale Rd W.,Chilliwack,V2P 2N9,British Columbia,2021-04-11T20:42:54.567Z,https://immunizebc.ca/initial-covid-19-vaccines-pharmacies
Garrison Pharmacy,#1 - 45555 Market Way,Chilliwack,V2R 0M5,British Columbia,2021-04-11T20:42:54.567Z,https://immunizebc.ca/initial-covid-19-vaccines-pharmacies
Loblaw Pharmacy #1523,45779 Luckakuck Way,Chilliwack,V2R 4E8,British Columbia,2021-04-11T20:42:54.568Z,https://immunizebc.ca/initial-covid-19-vaccines-pharmacies
Lock's Prescription Pharmacy Ltd.,9181 Main Street,Chilliwack,V2P 4M9,British Columbia,2021-04-11T20:42:54.568Z,https://immunizebc.ca/initial-covid-19-vaccines-pharmacies
London Drugs #41-Chilliwack,#21 45585 Luckakuck Way,Chilliwack,V2R 1A1,British Columbia,2021-04-11T20:42:54.568Z,https://immunizebc.ca/initial-covid-19-vaccines-pharmacies
Pharmasave Health Centre #207,Suite 110 - 9193 Main Street,Chilliwack,V2P 7S5,British Columbia,2021-04-11T20:42:54.568Z,https://immunizebc.ca/initial-covid-19-vaccines-pharmacies
Pro-Health Pharmacy,8999 School Street,Chilliwack,V2P 4L5,British Columbia,2021-04-11T20:42:54.568Z,https://immunizebc.ca/initial-covid-19-vaccines-pharmacies
Pro-Health Pharmacy #2,3 - 8580 Young Road,Chilliwack,V2P 6Z8,British Columbia,2021-04-11T20:42:54.569Z,https://immunizebc.ca/initial-covid-19-vaccines-pharmacies
Rexall #7194,#100 - 9200 Mary Street,Chilliwack,V2P 4H6,British Columbia,2021-04-11T20:42:54.569Z,https://immunizebc.ca/initial-covid-19-vaccines-pharmacies
Safeway Pharmacy #4968,45610 Luckakuck Way,Chilliwack,V2R 1A2,British Columbia,2021-04-11T20:42:54.569Z,https://immunizebc.ca/initial-covid-19-vaccines-pharmacies
Sardis Pharmacy,#7 - 7201 Vedder Road,Chilliwack,V2R 4G5,British Columbia,2021-04-11T20:42:54.569Z,https://immunizebc.ca/initial-covid-19-vaccines-pharmacies
Save-on-Foods Pharmacy #2213 - Chilliwack,46020 Yale Road,Chilliwack,V2P 7V2,British Columbia,2021-04-11T20:42:54.569Z,https://immunizebc.ca/initial-covid-19-vaccines-pharmacies
Save-On-Foods Pharmacy #952 - Sardis,Unit 31 - 6014 Vedder Road,Chilliwack,V2R 5M4,British Columbia,2021-04-11T20:42:54.572Z,https://immunizebc.ca/initial-covid-19-vaccines-pharmacies
Shoppers Drug Mart #0217,#217 Southgate Shopping Centre,Chilliwack,V2P 2M6,British Columbia,2021-04-11T20:42:54.572Z,https://immunizebc.ca/initial-covid-19-vaccines-pharmacies
Shoppers Drug Mart #2158,110F - 6640 Vedder Rd,Chilliwack,V2R 0J2,British Columbia,2021-04-11T20:42:54.573Z,https://immunizebc.ca/initial-covid-19-vaccines-pharmacies
Shoppers Drug Mart #2251,45800 Promontory Road,Chilliwack,V2R 5Z5,British Columbia,2021-04-11T20:42:54.573Z,https://immunizebc.ca/initial-covid-19-vaccines-pharmacies
Super-Care Pharmacy,9225 Main Street,Chilliwack,V2P 4M8,British Columbia,2021-04-11T20:42:54.573Z,https://immunizebc.ca/initial-covid-19-vaccines-pharmacies
Wal-Mart Pharmacy #3167,8249 Eagle Landing Pky,Chilliwack,V2R 0P9,British Columbia,2021-04-11T20:42:54.573Z,https://immunizebc.ca/initial-covid-19-vaccines-pharmacies
Wellness Pharmacy No. 12,"100 & 101, 9123 Mary Street",Chilliwack,V2P 4H7,British Columbia,2021-04-11T20:42:54.574Z,https://immunizebc.ca/initial-covid-19-vaccines-pharmacies
Yale Road Pharmacy,Unit 101 - 46198 Yale Road,Chilliwack,V2P 2P1,British Columbia,2021-04-11T20:42:54.574Z,https://immunizebc.ca/initial-covid-19-vaccines-pharmacies
Evergreen Pharmacy,#104 - 1168 The High Street,Coquitlam,V3B 0C6,British Columbia,2021-04-11T20:42:54.574Z,https://immunizebc.ca/initial-covid-19-vaccines-pharmacies
Glen Pharmacy,208 - 1175 Johnson Street,Coquitlam,V3B 7K1,British Columbia,2021-04-11T20:42:54.575Z,https://immunizebc.ca/initial-covid-19-vaccines-pharmacies
Guardian Hanin Pharmacy,210 - 329 North Rd,Coquitlam,V3K 3V8,British Columbia,2021-04-11T20:42:54.575Z,https://immunizebc.ca/initial-covid-19-vaccines-pharmacies
Lifecare Pharmacy,#101 - 1106 Austin Avenue,Coquitlam,V3K 3P5,British Columbia,2021-04-11T20:42:54.575Z,https://immunizebc.ca/initial-covid-19-vaccines-pharmacies
Lincoln Pharmacy & Coquitlam Travel Clinic,137 - 3030 Lincoln Ave,Coquitlam,V3B 6B4,British Columbia,2021-04-11T20:42:54.575Z,https://immunizebc.ca/initial-covid-19-vaccines-pharmacies
Loblaw Pharmacy #1519,1301 Lougheed Highway,Coquitlam,V3K 6P9,British Columbia,2021-04-11T20:42:54.576Z,https://immunizebc.ca/initial-covid-19-vaccines-pharmacies
Loblaw Pharmacy #1526,3000 Lougheed Highway,Coquitlam,V3B 1C5,British Columbia,2021-04-11T20:42:54.577Z,https://immunizebc.ca/initial-covid-19-vaccines-pharmacies
Loblaw Pharmacy #4596,455 North Road,Coquitlam,V3K 3V9,British Columbia,2021-04-11T20:42:54.577Z,https://immunizebc.ca/initial-covid-19-vaccines-pharmacies
London Drugs #15-Port Coquitlam,Centre Coquitlam,Coquitlam,V3B 5R5,British Columbia,2021-04-11T20:42:54.577Z,https://immunizebc.ca/initial-covid-19-vaccines-pharmacies
Mary's Pharmacy,Suite 201B - 1194 Lansdowne Drive,Coquitlam,V3E 1J7,British Columbia,2021-04-11T20:42:54.577Z,https://immunizebc.ca/initial-covid-19-vaccines-pharmacies
Medicine Shoppe Pharmacy #254,#53 - 2991 Lougheed Highway,Coquitlam,V3B 6J6,British Columbia,2021-04-11T20:42:54.578Z,https://immunizebc.ca/initial-covid-19-vaccines-pharmacies
Mediglen Pharmacy & Compounding,102 -1173 The High Street,Coquitlam,V3B 0B1,British Columbia,2021-04-11T20:42:54.578Z,https://immunizebc.ca/initial-covid-19-vaccines-pharmacies
Oh Pharmacy,#100 A - 504 Cottonwood Ave.,Coquitlam,V3J 2R5,British Columbia,2021-04-11T20:42:54.578Z,https://immunizebc.ca/initial-covid-19-vaccines-pharmacies
Pacific Prescriptions & Medical Supplies No. 2,#110 - 3001 Gordon Avenue,Coquitlam,V3C 2K7,British Columbia,2021-04-11T20:42:54.578Z,https://immunizebc.ca/initial-covid-19-vaccines-pharmacies
Pharmasave #102,1109 Austin Avenue,Coquitlam,V3K 3P4,British Columbia,2021-04-11T20:42:54.578Z,https://immunizebc.ca/initial-covid-19-vaccines-pharmacies
Pinetree Pharmacy,#103 - 3007 Glen Drive,Coquitlam,V3B 0L8,British Columbia,2021-04-11T20:42:54.579Z,https://immunizebc.ca/initial-covid-19-vaccines-pharmacies
Rexall #7110,Suite 108 - 1015 Austin Avenue,Coquitlam,V3K 3N9,British Columbia,2021-04-11T20:42:54.579Z,https://immunizebc.ca/initial-covid-19-vaccines-pharmacies
Safeway Pharmacy #4977,Unit 100 - 580 Clarke Road,Coquitlam,V3J 3X5,British Columbia,2021-04-11T20:42:54.579Z,https://immunizebc.ca/initial-covid-19-vaccines-pharmacies
Save-On-Foods Pharmacy #991 - Austin,2662 Austin Avenue,Coquitlam,V3K 6C4,British Columbia,2021-04-11T20:42:54.579Z,https://immunizebc.ca/initial-covid-19-vaccines-pharmacies
Save-on-Foods Pharmacy #998 - Pinetree,2991 Lougheed Highway,Coquitlam,V3B 6J6,British Columbia,2021-04-11T20:42:54.580Z,https://immunizebc.ca/initial-covid-19-vaccines-pharmacies
Shoppers Drug Mart #0231,#108 1960 Como Lake Road,Coquitlam,V3J 3R3,British Columbia,2021-04-11T20:42:54.580Z,https://immunizebc.ca/initial-covid-19-vaccines-pharmacies
Shoppers Drug Mart #0251,107 - 552 Clarke Road,Coquitlam,V3J 3X5,British Columbia,2021-04-11T20:42:54.580Z,https://immunizebc.ca/initial-covid-19-vaccines-pharmacies
Shoppers Drug Mart #2112,102 - 3387 David Ave,Coquitlam,V3E 0K4,British Columbia,2021-04-11T20:42:54.580Z,https://immunizebc.ca/initial-covid-19-vaccines-pharmacies
Shoppers Drug Mart #2203,# 810 - 3025 Lougheed Highway,Coquitlam,V3B 6S2,British Columbia,2021-04-11T20:42:54.580Z,https://immunizebc.ca/initial-covid-19-vaccines-pharmacies
Bains Pharmacy Ltd.,8681 - 120 Street,Delta,V4C 6R4,British Columbia,2021-04-11T20:42:54.581Z,https://immunizebc.ca/initial-covid-19-vaccines-pharmacies
Delta Prescription Clinic,Suite 101- 8425 - 120th Street,Delta,V4C 6R2,British Columbia,2021-04-11T20:42:54.581Z,https://immunizebc.ca/initial-covid-19-vaccines-pharmacies
Family Care Pharmacy #2,8925 120th Street,Delta,V4C 6R6,British Columbia,2021-04-11T20:42:54.581Z,https://immunizebc.ca/initial-covid-19-vaccines-pharmacies
Guardian Sunstone Pharmacy,10771 Delsom Crescent,Delta,V4C 0A5,British Columbia,2021-04-11T20:42:54.581Z,https://immunizebc.ca/initial-covid-19-vaccines-pharmacies
Harvest Drive Pharmacy,Suite 100 - 4515 Harvest Drive,Delta,V4K 4L1,British Columbia,2021-04-11T20:42:54.581Z,https://immunizebc.ca/initial-covid-19-vaccines-pharmacies
Loblaw Pharmacy #1554,8195 - 120th Street,Delta,V4C 6P7,British Columbia,2021-04-11T20:42:54.581Z,https://immunizebc.ca/initial-covid-19-vaccines-pharmacies
London Drugs #37-Ladner,5237 Ladner Trunk Road,Delta,V4K 1W4,British Columbia,2021-04-11T20:42:54.582Z,https://immunizebc.ca/initial-covid-19-vaccines-pharmacies
Marks Pharmacy,#101 - 8035 - 120th Street,Delta,V4C 6P8,British Columbia,2021-04-11T20:42:54.582Z,https://immunizebc.ca/initial-covid-19-vaccines-pharmacies
Naz's Pharmacy #3,105-9385 120 Street,Delta,V4C 0B5,British Columbia,2021-04-11T20:42:54.582Z,https://immunizebc.ca/initial-covid-19-vaccines-pharmacies
Pacific Pharmacy #2,11944 88 Avenue,Delta,V4C 3C8,British Columbia,2021-04-11T20:42:54.582Z,https://immunizebc.ca/initial-covid-19-vaccines-pharmacies
Pharmasave #151,11198 - 84th Avenue,Delta,V4C 2L7,British Columbia,2021-04-11T20:42:54.582Z,https://immunizebc.ca/initial-covid-19-vaccines-pharmacies
Safeway Pharmacy #4903,6401 - 120th Street,Delta,V4E 3G3,British Columbia,2021-04-11T20:42:54.582Z,https://immunizebc.ca/initial-covid-19-vaccines-pharmacies
Save-On-Foods Pharmacy #936 - Ladner,5186 48th Avenue,Delta,V4K 1W3,British Columbia,2021-04-11T20:42:54.583Z,https://immunizebc.ca/initial-covid-19-vaccines-pharmacies
Save-on-Foods Pharmacy #943 - Tsawwassen,1143 56th Street,Delta,V4L 2A2,British Columbia,2021-04-11T20:42:54.583Z,https://immunizebc.ca/initial-covid-19-vaccines-pharmacies
Save-On-Foods Pharmacy #963 - North Delta,7015 120th Street,Delta,V4E 2A9,British Columbia,2021-04-11T20:42:54.583Z,https://immunizebc.ca/initial-covid-19-vaccines-pharmacies
Shoppers Drug Mart #0211,1215C - 56th Street,Delta,V4L 2A6,British Columbia,2021-04-11T20:42:54.583Z,https://immunizebc.ca/initial-covid-19-vaccines-pharmacies
The Medicine Shoppe Pharmacy #367,#4 - 1363 56th Street,Delta,V4L 2P7,British Columbia,2021-04-11T20:42:54.583Z,https://immunizebc.ca/initial-covid-19-vaccines-pharmacies
Tsawwassen Pharmacy,Suite 104 - 1077 - 56th Street,Delta,V4L 2A2,British Columbia,2021-04-11T20:42:54.583Z,https://immunizebc.ca/initial-covid-19-vaccines-pharmacies
Viva Med Pharmacy,Unit 120 - 6345 120 Street,Delta,V4E 2A6,British Columbia,2021-04-11T20:42:54.584Z,https://immunizebc.ca/initial-covid-19-vaccines-pharmacies
Wellcare RX,107 - 7445 120 Street,Delta,V4C 0B3,British Columbia,2021-04-11T20:42:54.584Z,https://immunizebc.ca/initial-covid-19-vaccines-pharmacies
Wescana Pharmacy #3,#103 - 6935 120th Street,Delta,V4E 2A8,British Columbia,2021-04-11T20:42:54.584Z,https://immunizebc.ca/initial-covid-19-vaccines-pharmacies
Pharmasave Health Centre #007,#101 - 23148 96th Avenue,Fort Langley,V1M 2S3,British Columbia,2021-04-11T20:42:54.584Z,https://immunizebc.ca/initial-covid-19-vaccines-pharmacies
Howe Sound Pharmacy,#208 - 1100 Sunshine Coast Hwy,Gibsons,V0N 1V7,British Columbia,2021-04-11T20:42:54.584Z,https://immunizebc.ca/initial-covid-19-vaccines-pharmacies
London Drugs #61-Gibsons,#1-900Way Gibsons,Gibsons,V0N 1V7,British Columbia,2021-04-11T20:42:54.585Z,https://immunizebc.ca/initial-covid-19-vaccines-pharmacies
Fraser Canyon Pharmacy,308 Wallace St.,Hope,V0X 1L0,British Columbia,2021-04-11T20:42:54.585Z,https://immunizebc.ca/initial-covid-19-vaccines-pharmacies
Pharmasave #198,235 Wallace St.,Hope,V0X 1L0,British Columbia,2021-04-11T20:42:54.585Z,https://immunizebc.ca/initial-covid-19-vaccines-pharmacies
Brookswood Remedy's Rx Pharmacy #2,#105 - 4061 200th Street,Langley,V3A 1K8,British Columbia,2021-04-11T20:42:54.586Z,https://immunizebc.ca/initial-covid-19-vaccines-pharmacies
Costco Pharmacy #259,20499 - 64th Avenue,Langley,V2Y 1N5,British Columbia,2021-04-11T20:42:54.586Z,https://immunizebc.ca/initial-covid-19-vaccines-pharmacies
Family Care Pharmacy #4,#101-5581 204th Street,Langley,V3A 1Z4,British Columbia,2021-04-11T20:42:54.586Z,https://immunizebc.ca/initial-covid-19-vaccines-pharmacies
Fraser Medicine Centre Pharmacy,20200 Fraser Highway,Langley,V3A 4E6,British Columbia,2021-04-11T20:42:54.586Z,https://immunizebc.ca/initial-covid-19-vaccines-pharmacies
Happy Face Pharmacy,7- 8590 200 Street,Langley,V2Y 2B9,British Columbia,2021-04-11T20:42:54.587Z,https://immunizebc.ca/initial-covid-19-vaccines-pharmacies
Langley Pharmacy (Langley IDA Pharmacy),#101 - 5568 206 Street,Langley,V3A 7T1,British Columbia,2021-04-11T20:42:54.587Z,https://immunizebc.ca/initial-covid-19-vaccines-pharmacies
Loblaw Pharmacy #1561,19851 Willowbrook Drive,Langley,V2Y 1A7,British Columbia,2021-04-11T20:42:54.587Z,https://immunizebc.ca/initial-covid-19-vaccines-pharmacies
Medicine Shoppe #361,Unit #121 - 20353 64th Avenue,Langley,V2Y 1N5,British Columbia,2021-04-11T20:42:54.587Z,https://immunizebc.ca/initial-covid-19-vaccines-pharmacies
Nature's Compounding Pharmacy,#102 - 9103 Glover Road,Langley,V1M 0E8,British Columbia,2021-04-11T20:42:54.587Z,https://immunizebc.ca/initial-covid-19-vaccines-pharmacies
Pharmachoice Walnut Grove Pharmacy,#150 - 20330 88th Avenue,Langley,V1M 2Y4,British Columbia,2021-04-11T20:42:54.588Z,https://immunizebc.ca/initial-covid-19-vaccines-pharmacies
Pharmasave Health Centre #003,#7 - 8948 - 202nd Street,Langley,V1M 4A7,British Columbia,2021-04-11T20:42:54.588Z,https://immunizebc.ca/initial-covid-19-vaccines-pharmacies
Pharmasave Health Centre #012 - Langley City,#101 - 20644 Fraser Hwy,Langley,V3A 4G5,British Columbia,2021-04-11T20:42:54.589Z,https://immunizebc.ca/initial-covid-19-vaccines-pharmacies
Pharmasave Health Centre #098,#3 - 22323 48th Avenue,Langley,V3A 3N4,British Columbia,2021-04-11T20:42:54.589Z,https://immunizebc.ca/initial-covid-19-vaccines-pharmacies
Pharmasave Willowbrook #1017,10055 Willowbrook Drive,Langley,V2Y 2T5,British Columbia,2021-04-11T20:42:54.590Z,https://immunizebc.ca/initial-covid-19-vaccines-pharmacies
RX PharmaChoice Pharmacy,#503 - 22259 48 Avenue,Langley,V3A 8T1,British Columbia,2021-04-11T20:42:54.590Z,https://immunizebc.ca/initial-covid-19-vaccines-pharmacies
Save-on-Foods Pharmacy #2242 - Langley,20151 Fraser Highway,Langley,V3A 4E4,British Columbia,2021-04-11T20:42:54.590Z,https://immunizebc.ca/initial-covid-19-vaccines-pharmacies
Save-On-Foods Pharmacy #984 - Walnut Grove,8840 210th Street,Langley,V1M 2Y2,British Columbia,2021-04-11T20:42:54.590Z,https://immunizebc.ca/initial-covid-19-vaccines-pharmacies
Save-On-Foods Pharmacy #992 - Willoughby,#1 - 20255 64th Avenue,Langley,V2Y 1M9,British Columbia,2021-04-11T20:42:54.591Z,https://immunizebc.ca/initial-covid-19-vaccines-pharmacies
Shoppers Drug Mart #0255,Unit 205 - 6339 200th Street,Langley,V2Y 1A2,British Columbia,2021-04-11T20:42:54.591Z,https://immunizebc.ca/initial-covid-19-vaccines-pharmacies
Shoppers Drug Mart #0258,#100 - 22196 50 Avenue,Langley,V2Y 2V4,British Columbia,2021-04-11T20:42:54.591Z,https://immunizebc.ca/initial-covid-19-vaccines-pharmacies
Shoppers Drug Mart #2205,20159 - 88 Ave,Langley,V1M 0A4,British Columbia,2021-04-11T20:42:54.593Z,https://immunizebc.ca/initial-covid-19-vaccines-pharmacies
Valley Evergreen Pharmacy,20577 Douglas Crescent,Langley,V3A 4B6,British Columbia,2021-04-11T20:42:54.593Z,https://immunizebc.ca/initial-covid-19-vaccines-pharmacies
Wellness Pharmacy #2,#100 - 22314 Fraser Hwy.,Langley,V3A 8M6,British Columbia,2021-04-11T20:42:54.593Z,https://immunizebc.ca/initial-covid-19-vaccines-pharmacies
Willowbrook Pharmacy,#158B - 19653 Willowbrook Drive,Langley,V2Y 1A5,British Columbia,2021-04-11T20:42:54.594Z,https://immunizebc.ca/initial-covid-19-vaccines-pharmacies
Alouette Pharmacy,8 - 11937 227 Street,Maple Ridge,V2X 6J4,British Columbia,2021-04-11T20:42:54.594Z,https://immunizebc.ca/initial-covid-19-vaccines-pharmacies
Haney Pharmacy,Suite D - 22195 Dewdney Trunk Road,Maple Ridge,V2X 3H7,British Columbia,2021-04-11T20:42:54.594Z,https://immunizebc.ca/initial-covid-19-vaccines-pharmacies
Loblaw Pharmacy #4980,22427 Dewdney Trunk Road,Maple Ridge,V2X 7X7,British Columbia,2021-04-11T20:42:54.594Z,https://immunizebc.ca/initial-covid-19-vaccines-pharmacies
London Drugs #47-Maple Ridge,#101 - 22709 Lougheed Highway,Maple Ridge,V2X 2V5,British Columbia,2021-04-11T20:42:54.595Z,https://immunizebc.ca/initial-covid-19-vaccines-pharmacies
Maple Meadows Pharmacy,102 - 11893 227 Street,Maple Ridge,V2X 6H9,British Columbia,2021-04-11T20:42:54.595Z,https://immunizebc.ca/initial-covid-19-vaccines-pharmacies
Maple Ridge IDA Pharmacy,22353 Lougheed Hwy,Maple Ridge,V2X 2T3,British Columbia,2021-04-11T20:42:54.595Z,https://immunizebc.ca/initial-covid-19-vaccines-pharmacies
Medlandia Compounding Pharmacy,#100 - 20528 Lougheed Highway,Maple Ridge,V2X 2P8,British Columbia,2021-04-11T20:42:54.596Z,https://immunizebc.ca/initial-covid-19-vaccines-pharmacies
Pharmasave #96,101 - 12005 - 238B Street,Maple Ridge,V4R 1W1,British Columbia,2021-04-11T20:42:54.596Z,https://immunizebc.ca/initial-covid-19-vaccines-pharmacies
Save-On-Foods Pharmacy #928 - W. Maple Ridge,Suite 300 - 20395 Lougheed Highway,Maple Ridge,V2X 2P9,British Columbia,2021-04-11T20:42:54.596Z,https://immunizebc.ca/initial-covid-19-vaccines-pharmacies
Save-On-Foods Pharmacy #935 - E. Maple Ridge,22703 Lougheed Highway,Maple Ridge,V2X 2V5,British Columbia,2021-04-11T20:42:54.596Z,https://immunizebc.ca/initial-covid-19-vaccines-pharmacies
Shoppers Drug Mart #2134,11939 - 240th Street,Maple Ridge,V4R 1M7,British Columbia,2021-04-11T20:42:54.597Z,https://immunizebc.ca/initial-covid-19-vaccines-pharmacies
Shoppers Drug Mart #2204,#130 - 20395 Lougheed Highway,Maple Ridge,V2X 2P9,British Columbia,2021-04-11T20:42:54.597Z,https://immunizebc.ca/initial-covid-19-vaccines-pharmacies
Shoppers Drug Mart #2207,Suite 102 - 22441 Dewdney Trunk Road,Maple Ridge,V2X 7X7,British Columbia,2021-04-11T20:42:54.597Z,https://immunizebc.ca/initial-covid-19-vaccines-pharmacies
Heritage Park Pharmacy,Unit B150 - 7871 Slave Lake Street,Mission,V2V 0C5,British Columbia,2021-04-11T20:42:54.597Z,https://immunizebc.ca/initial-covid-19-vaccines-pharmacies
Loblaw Pharmacy #1559,32136 Lougheed Hwy.,Mission,V2V 1A4,British Columbia,2021-04-11T20:42:54.598Z,https://immunizebc.ca/initial-covid-19-vaccines-pharmacies
London Drugs #55-Mission,#200 - 32555 London Avenue,Mission,V2V 6M7,British Columbia,2021-04-11T20:42:54.598Z,https://immunizebc.ca/initial-covid-19-vaccines-pharmacies
Pharmasave #006,#110 - 7343 Hurd Street,Mission,V2V 3H7,British Columbia,2021-04-11T20:42:54.598Z,https://immunizebc.ca/initial-covid-19-vaccines-pharmacies
Rexall #7161,110 - 32471 Lougheed Highway,Mission,V2V 0C8,British Columbia,2021-04-11T20:42:54.598Z,https://immunizebc.ca/initial-covid-19-vaccines-pharmacies
Shoppers Drug Mart #2208,#206 - 32530 Lougheed Highway,Mission,V2V 1A5,British Columbia,2021-04-11T20:42:54.599Z,https://immunizebc.ca/initial-covid-19-vaccines-pharmacies
Silvermere Pharmacy,105 - 32423 Lougheed Hwy,Mission,V2V 7B8,British Columbia,2021-04-11T20:42:54.599Z,https://immunizebc.ca/initial-covid-19-vaccines-pharmacies
Imperial Pharmacy #2,981 Carnarvon Street,New Westminster,V3M 1G2,British Columbia,2021-04-11T20:42:54.599Z,https://immunizebc.ca/initial-covid-19-vaccines-pharmacies
Indigo Pharmacy,447 East Columbia Street,New Westminster,V3L 3X4,British Columbia,2021-04-11T20:42:54.599Z,https://immunizebc.ca/initial-covid-19-vaccines-pharmacies
Longevity Compounding Pharmacy,711 Columbia Street,New Westminster,V3M 1B1,British Columbia,2021-04-11T20:42:54.600Z,https://immunizebc.ca/initial-covid-19-vaccines-pharmacies
Pharmasave #275,130 - 1005 Columbia Street,New Westminster,V3M 6H5,British Columbia,2021-04-11T20:42:54.600Z,https://immunizebc.ca/initial-covid-19-vaccines-pharmacies
Shoppers Drug Mart #0279,141 - 610 6th Street,New Westminster,V3L 3C2,British Columbia,2021-04-11T20:42:54.600Z,https://immunizebc.ca/initial-covid-19-vaccines-pharmacies
Shoppers Drug Mart #2243,Unit 1 - 811 Columbia Street,New Westminster,V3M 1B9,British Columbia,2021-04-11T20:42:54.600Z,https://immunizebc.ca/initial-covid-19-vaccines-pharmacies
Ultracare Guardian Pharmacy #2,424 Columbia Street,New Westminster,V3L 1B1,British Columbia,2021-04-11T20:42:54.600Z,https://immunizebc.ca/initial-covid-19-vaccines-pharmacies
Wal-Mart Pharmacy #1192,610 Sixth Street,New Westminster,V3L 3C2,British Columbia,2021-04-11T20:42:54.601Z,https://immunizebc.ca/initial-covid-19-vaccines-pharmacies
West End Medicine Centre,2004 - 8th Avenue,New Westminster,V3M 2T5,British Columbia,2021-04-11T20:42:54.601Z,https://immunizebc.ca/initial-covid-19-vaccines-pharmacies
Central Lonsdale Pharmacy,1562 Lonsdale Avenue,North Vancouver,V7M 2J3,British Columbia,2021-04-11T20:42:54.601Z,https://immunizebc.ca/initial-covid-19-vaccines-pharmacies
Davies Prescriptions - St. Georges,1401 St. Georges Avenue,North Vancouver,V7L 3J3,British Columbia,2021-04-11T20:42:54.601Z,https://immunizebc.ca/initial-covid-19-vaccines-pharmacies
Healthrx Pharmacy,#100-135 15th Street East,North Vancouver,V7L 2P7,British Columbia,2021-04-11T20:42:54.602Z,https://immunizebc.ca/initial-covid-19-vaccines-pharmacies
Loblaw Pharmacy #1560,333 Seymour Blvd.,North Vancouver,V7J 2J4,British Columbia,2021-04-11T20:42:54.602Z,https://immunizebc.ca/initial-covid-19-vaccines-pharmacies
London Drugs #05-North Vancouver,2032 Lonsdale Avenue,North Vancouver,V7M 2K5,British Columbia,2021-04-11T20:42:54.602Z,https://immunizebc.ca/initial-covid-19-vaccines-pharmacies
Miracle Prescriptons Remedy's Rx,1268 Marine Drive,North Vancouver,V7P 1T2,British Columbia,2021-04-11T20:42:54.602Z,https://immunizebc.ca/initial-covid-19-vaccines-pharmacies
North West Marine Pharmacy,1877 Marine Drive,North Vancouver,V7P 1V5,British Columbia,2021-04-11T20:42:54.602Z,https://immunizebc.ca/initial-covid-19-vaccines-pharmacies
Northshore Drugstore,113 West 16th Street,North Vancouver,V7M 1T3,British Columbia,2021-04-11T20:42:54.603Z,https://immunizebc.ca/initial-covid-19-vaccines-pharmacies
Northview Pharmacy,#120 - 1100 Lonsdale Avenue,North Vancouver,V7M 2H3,British Columbia,2021-04-11T20:42:54.603Z,https://immunizebc.ca/initial-covid-19-vaccines-pharmacies
Pharmachoice #9057,102 - 1200 Londsale Avenue,North Vancouver,V7M 3H6,British Columbia,2021-04-11T20:42:54.603Z,https://immunizebc.ca/initial-covid-19-vaccines-pharmacies
Pharmalife Pharmacy,60 - 935 Marine Drive,North Vancouver,V7P 1S3,British Columbia,2021-04-11T20:42:54.604Z,https://immunizebc.ca/initial-covid-19-vaccines-pharmacies
Pharmasave #081,#302 - 1150 Marine Drive,North Vancouver,V7P 1S8,British Columbia,2021-04-11T20:42:54.604Z,https://immunizebc.ca/initial-covid-19-vaccines-pharmacies
Pharmasave Edgemont #107,3233 Connaught Crescent,North Vancouver,V7R 2V7,British Columbia,2021-04-11T20:42:54.604Z,https://immunizebc.ca/initial-covid-19-vaccines-pharmacies
Pharmasave Lions Gate,152 13th St E,North Vancouver,V7L 4W8,British Columbia,2021-04-11T20:42:54.604Z,https://immunizebc.ca/initial-covid-19-vaccines-pharmacies
Pure Integrative Pharmacy #19,#103 - 3053 Edgemont Blvd,North Vancouver,V7R 2N5,British Columbia,2021-04-11T20:42:54.605Z,https://immunizebc.ca/initial-covid-19-vaccines-pharmacies
Safemed Pharmacy,852 Marine Drive,North Vancouver,V7P 1M5,British Columbia,2021-04-11T20:42:54.605Z,https://immunizebc.ca/initial-covid-19-vaccines-pharmacies
Safeway Pharmacy #4905,#780 - 2601 Westview Drive,North Vancouver,V7N 3X4,British Columbia,2021-04-11T20:42:54.605Z,https://immunizebc.ca/initial-covid-19-vaccines-pharmacies
Save-on-Foods Pharmacy #2249 - Capilano,140 - 879 Marine Drive,North Vancouver,V7P 1R7,British Columbia,2021-04-11T20:42:54.606Z,https://immunizebc.ca/initial-covid-19-vaccines-pharmacies
Save-On-Foods Pharmacy #2289,#106 - 2770 Valley Centre Avenue,North Vancouver,V7J 0C8,British Columbia,2021-04-11T20:42:54.606Z,https://immunizebc.ca/initial-covid-19-vaccines-pharmacies
Save-On-Foods Pharmacy #999 - North Vancouver,1250 Marine Drive,North Vancouver,V7P 1T2,British Columbia,2021-04-11T20:42:54.606Z,https://immunizebc.ca/initial-covid-19-vaccines-pharmacies
Shoppers Drug Mart #2225,110 - 879 Marine Drive,North Vancouver,V7P 1R7,British Columbia,2021-04-11T20:42:54.606Z,https://immunizebc.ca/initial-covid-19-vaccines-pharmacies
St. Georges Pharmacy,1309 St. Georges Ave,North Vancouver,V7L 3J2,British Columbia,2021-04-11T20:42:54.607Z,https://immunizebc.ca/initial-covid-19-vaccines-pharmacies
Wellness Pharmacy No. 6,#100-1133 Lonsdale Avenue,North Vancouver,V7M 2H4,British Columbia,2021-04-11T20:42:54.607Z,https://immunizebc.ca/initial-covid-19-vaccines-pharmacies
Best Care Pharmacy,#101 - 12181 Harris Road,Pitt Meadows,V3Y 2E9,British Columbia,2021-04-11T20:42:54.607Z,https://immunizebc.ca/initial-covid-19-vaccines-pharmacies
Loblaw Pharmacy #1555,#201 - 19800 Lougheed Highway,Pitt Meadows,V3Y 2W1,British Columbia,2021-04-11T20:42:54.607Z,https://immunizebc.ca/initial-covid-19-vaccines-pharmacies
Meadows Pharmacy,12161 Harris Road,Pitt Meadows,V3Y 2E9,British Columbia,2021-04-11T20:42:54.608Z,https://immunizebc.ca/initial-covid-19-vaccines-pharmacies
Pharmasave Health Centre #005,105 - 19070 Lougheed Hwy,Pitt Meadows,V3Y 2M6,British Columbia,2021-04-11T20:42:54.609Z,https://immunizebc.ca/initial-covid-19-vaccines-pharmacies
Pharmasave Health Centre #1005,2 - 19126 Ford Road,Pitt Meadows,V3Y 2P1,British Columbia,2021-04-11T20:42:54.609Z,https://immunizebc.ca/initial-covid-19-vaccines-pharmacies
Save-On-Foods Pharmacy #995 - Pitt Meadows,19150 Lougheed Hwy,Pitt Meadows,V3Y 2H6,British Columbia,2021-04-11T20:42:54.609Z,https://immunizebc.ca/initial-covid-19-vaccines-pharmacies
Shoppers Drug Mart #2209,Suite 110 - 19150 Lougheed Highway,Pitt Meadows,V3Y 2H6,British Columbia,2021-04-11T20:42:54.609Z,https://immunizebc.ca/initial-covid-19-vaccines-pharmacies
Costco Pharmacy #255,2370 Ottawa Street,Port Coquitlam,V3B 7Z1,British Columbia,2021-04-11T20:42:54.609Z,https://immunizebc.ca/initial-covid-19-vaccines-pharmacies
Med-X Pharmacy Ltd.,7 - 1449 Prairie Avenue,Port Coquitlam,V3B 1S9,British Columbia,2021-04-11T20:42:54.610Z,https://immunizebc.ca/initial-covid-19-vaccines-pharmacies
Medis Pharmacy,#6 - 2755 Lougheed Hwy.,Port Coquitlam,V3B 5Y9,British Columbia,2021-04-11T20:42:54.610Z,https://immunizebc.ca/initial-covid-19-vaccines-pharmacies
Oxford Pharmacy,#3190 - 1971 Lougheed Highway,Port Coquitlam,V3B 0K2,British Columbia,2021-04-11T20:42:54.610Z,https://immunizebc.ca/initial-covid-19-vaccines-pharmacies
Pharmachoice #007,2529 Shaughnessy Street,Port Coquitlam,V3C 3G1,British Columbia,2021-04-11T20:42:54.610Z,https://immunizebc.ca/initial-covid-19-vaccines-pharmacies
Pharmasave #190,3295 Coast Meridian Road,Port Coquitlam,V3B 3N3,British Columbia,2021-04-11T20:42:54.611Z,https://immunizebc.ca/initial-covid-19-vaccines-pharmacies
Save-on-Foods Pharmacy #942 - Prairie,1430 Prairie Road,Port Coquitlam,V3B 5M8,British Columbia,2021-04-11T20:42:54.611Z,https://immunizebc.ca/initial-covid-19-vaccines-pharmacies
Save-on-Foods Pharmacy #957 - Port Coquitlam,2385 Ottawa Street,Port Coquitlam,V3B 8A4,British Columbia,2021-04-11T20:42:54.611Z,https://immunizebc.ca/initial-covid-19-vaccines-pharmacies
Shoppers Drug Mart #2143,3150 - 2850 Shaughnessy Street,Port Coquitlam,V3C 6K5,British Columbia,2021-04-11T20:42:54.611Z,https://immunizebc.ca/initial-covid-19-vaccines-pharmacies
Shoppers Drug Mart #2264,876 Village Drive,Port Coquitlam,V3B 0G9,British Columbia,2021-04-11T20:42:54.611Z,https://immunizebc.ca/initial-covid-19-vaccines-pharmacies
Wilson Pharmacy,#3 - 2185 Wilson Avenue,Port Coquitlam,V3C 6C1,British Columbia,2021-04-11T20:42:54.611Z,https://immunizebc.ca/initial-covid-19-vaccines-pharmacies
Wilson Pharmacy No. 2,#709 - 2071 Kingsway Avenue,Port Coquitlam,V3C 6N2,British Columbia,2021-04-11T20:42:54.612Z,https://immunizebc.ca/initial-covid-19-vaccines-pharmacies
Shoppers Drug Mart #2244,3215 St. Johns Street,Port Moody,V3H 2E1,British Columbia,2021-04-11T20:42:54.612Z,https://immunizebc.ca/initial-covid-19-vaccines-pharmacies
FreshCo Pharmacy #4280,7040 Barnet Street,Powell River,V8A 2A1,British Columbia,2021-04-11T20:42:54.612Z,https://immunizebc.ca/initial-covid-19-vaccines-pharmacies
Medicine Shoppe #379,#111-4871 Joyce Avenue,Powell River,V8A 5P4,British Columbia,2021-04-11T20:42:54.612Z,https://immunizebc.ca/initial-covid-19-vaccines-pharmacies
Powell River Pharmacy,4280 Joyce Avenue,Powell River,V8A 3A2,British Columbia,2021-04-11T20:42:54.613Z,https://immunizebc.ca/initial-covid-19-vaccines-pharmacies
Rexall #7136,Unit D - 4794 Joyce Avenue,Powell River,V8A 3B6,British Columbia,2021-04-11T20:42:54.613Z,https://immunizebc.ca/initial-covid-19-vaccines-pharmacies
Shoppers Drug Mart #0276,#118 - 7100 Alberni Street,Powell River,V8A 5K9,British Columbia,2021-04-11T20:42:54.613Z,https://immunizebc.ca/initial-covid-19-vaccines-pharmacies
Ackroyd Pharmacy,#160 - 8100 Ackroyd Road,Richmond,V6X 3K2,British Columbia,2021-04-11T20:42:54.613Z,https://immunizebc.ca/initial-covid-19-vaccines-pharmacies
C.R.C Drugs,1008 - 8181 Cambie Road,Richmond,V6X 3X9,British Columbia,2021-04-11T20:42:54.613Z,https://immunizebc.ca/initial-covid-19-vaccines-pharmacies
Chemmart Pharmacy,#1900-8171 Ackroyd Road,Richmond,V6X 3K1,British Columbia,2021-04-11T20:42:54.614Z,https://immunizebc.ca/initial-covid-19-vaccines-pharmacies
Continental Pharmacy,Unit 1196 - 3779 Sexsmith Road,Richmond,V6X 3Z9,British Columbia,2021-04-11T20:42:54.614Z,https://immunizebc.ca/initial-covid-19-vaccines-pharmacies
Costco Pharmacy #054,9151 Bridgeport Road,Richmond,V6X 3L9,British Columbia,2021-04-11T20:42:54.614Z,https://immunizebc.ca/initial-covid-19-vaccines-pharmacies
HealthPlus Pharmacy***,4115 No. 5 Road,Richmond,V6X 2T9,British Columbia,2021-04-11T20:42:54.614Z,https://immunizebc.ca/initial-covid-19-vaccines-pharmacies
Loblaw Pharmacy #1557,4651 No. 3 Road,Richmond,V6X 2C4,British Columbia,2021-04-11T20:42:54.615Z,https://immunizebc.ca/initial-covid-19-vaccines-pharmacies
London Drugs #11-Richmond,5971 No. 3 Road,Richmond,V6X 2E3,British Columbia,2021-04-11T20:42:54.615Z,https://immunizebc.ca/initial-covid-19-vaccines-pharmacies
London Drugs #52-Ironwood,#3200-11666 Steveston Hwy,Richmond,V7A 5J3,British Columbia,2021-04-11T20:42:54.616Z,https://immunizebc.ca/initial-covid-19-vaccines-pharmacies
McCue Pharmacy,#100 - 8120 Cook Road,Richmond,V6Y 1T9,British Columbia,2021-04-11T20:42:54.616Z,https://immunizebc.ca/initial-covid-19-vaccines-pharmacies
Medicare Pharmacy,#190 - 7031 Westminster Highway,Richmond,V6X 1A3,British Columbia,2021-04-11T20:42:54.616Z,https://immunizebc.ca/initial-covid-19-vaccines-pharmacies
Minoru Pharmacy,#102 - 7380 Westminster Highway,Richmond,V6X 1A1,British Columbia,2021-04-11T20:42:54.616Z,https://immunizebc.ca/initial-covid-19-vaccines-pharmacies
MJ's Natural Pharmacy #3,1130 - 8260 Westminster Hwy,Richmond,V6X 3Y2,British Columbia,2021-04-11T20:42:54.617Z,https://immunizebc.ca/initial-covid-19-vaccines-pharmacies
Park Pacific Pharmacy,#2260 - 3700 No. 3 Road,Richmond,V6X 3X2,British Columbia,2021-04-11T20:42:54.617Z,https://immunizebc.ca/initial-covid-19-vaccines-pharmacies
Pharmasave #022,"#1103-8, 3880 Grant McConachie Way",Richmond,V7B 0A5,British Columbia,2021-04-11T20:42:54.617Z,https://immunizebc.ca/initial-covid-19-vaccines-pharmacies
Pharmasave Health Centre #038,#116 - 10151 No. 3 Rd,Richmond,V7A 4R6,British Columbia,2021-04-11T20:42:54.617Z,https://immunizebc.ca/initial-covid-19-vaccines-pharmacies
Pharmasave Steveston Village,Unit 105 - 12420 #1 Road,Richmond,V7E 6N2,British Columbia,2021-04-11T20:42:54.618Z,https://immunizebc.ca/initial-covid-19-vaccines-pharmacies
PriceSmart Foods Pharmacy #2274 - Richmond,8200 Ackroyd Road,Richmond,V6X 1B5,British Columbia,2021-04-11T20:42:54.618Z,https://immunizebc.ca/initial-covid-19-vaccines-pharmacies
Regency Medicine Centre,Suite #100 - 6091 Gilbert Road,Richmond,V7C 5L9,British Columbia,2021-04-11T20:42:54.618Z,https://immunizebc.ca/initial-covid-19-vaccines-pharmacies
Save-on-Foods Pharmacy #2252,120-12088 3rd Ave,Richmond,V7E 0C3,British Columbia,2021-04-11T20:42:54.618Z,https://immunizebc.ca/initial-covid-19-vaccines-pharmacies
Save-On-Foods Pharmacy #969 - Ironwood,Suite 3000 -11666 Steveston Highway,Richmond,V7A 5J3,British Columbia,2021-04-11T20:42:54.618Z,https://immunizebc.ca/initial-covid-19-vaccines-pharmacies
Save-On-Foods Pharmacy #971 - Terra Nova,3673 Westminster Highway,Richmond,V7C 5V2,British Columbia,2021-04-11T20:42:54.618Z,https://immunizebc.ca/initial-covid-19-vaccines-pharmacies
Shoppers Drug Mart #0228,Suite 380 - 9100 Blundell Road,Richmond,V6Y 3X9,British Columbia,2021-04-11T20:42:54.619Z,https://immunizebc.ca/initial-covid-19-vaccines-pharmacies
Shoppers Drug Mart #0237,2286 - 6060 Minoru Blvd.,Richmond,V6Y 2V7,British Columbia,2021-04-11T20:42:54.619Z,https://immunizebc.ca/initial-covid-19-vaccines-pharmacies
Shoppers Drug Mart #2109,#100 - 7820 Williams Road,Richmond,V7A 1G3,British Columbia,2021-04-11T20:42:54.619Z,https://immunizebc.ca/initial-covid-19-vaccines-pharmacies
Shoppers Drug Mart #2237,11800 Cambie Road,Richmond,V6X 1L5,British Columbia,2021-04-11T20:42:54.620Z,https://immunizebc.ca/initial-covid-19-vaccines-pharmacies
Steveston Pharmacy,Suite 101 - 3811 Chatham Street,Richmond,V7E 2Z4,British Columbia,2021-04-11T20:42:54.620Z,https://immunizebc.ca/initial-covid-19-vaccines-pharmacies
Super Grocer & Pharmacy,12051 No. 1 Road,Richmond,V7E 1T5,British Columbia,2021-04-11T20:42:54.620Z,https://immunizebc.ca/initial-covid-19-vaccines-pharmacies
Wal-Mart Pharmacy #3652,9251 Alderbridge Way,Richmond,V6X 0N1,British Columbia,2021-04-11T20:42:54.620Z,https://immunizebc.ca/initial-covid-19-vaccines-pharmacies
Wellness Pharmacy No. 4,#115-6180 Blundell Road,Richmond,V7C 4W7,British Columbia,2021-04-11T20:42:54.621Z,https://immunizebc.ca/initial-covid-19-vaccines-pharmacies
Pharmasave #257,5663 Cowrie Street,Sechelt,V0N 3A0,British Columbia,2021-04-11T20:42:54.621Z,https://immunizebc.ca/initial-covid-19-vaccines-pharmacies
Rx Drug Mart #1002,5740 Teredo Street,Sechelt,V0N 3A0,British Columbia,2021-04-11T20:42:54.621Z,https://immunizebc.ca/initial-covid-19-vaccines-pharmacies
Sechelt Pharmacy,PO Box 517 5648 Dolphin Street,Sechelt,V0N 3A0,British Columbia,2021-04-11T20:42:54.621Z,https://immunizebc.ca/initial-covid-19-vaccines-pharmacies
Suncoast Pharmacy,103 - 5531 Inlet Avenue,Sechelt,V0N 3A0,British Columbia,2021-04-11T20:42:54.621Z,https://immunizebc.ca/initial-covid-19-vaccines-pharmacies
London Drugs #80,Garibaldi Village,Squamish,V8B 0G2,British Columbia,2021-04-11T20:42:54.622Z,https://immunizebc.ca/initial-covid-19-vaccines-pharmacies
Nester's Pharmacy & Wellness - Squamish,#630 - 1200 Hunter Place,Squamish,V8B 0G8,British Columbia,2021-04-11T20:42:54.622Z,https://immunizebc.ca/initial-covid-19-vaccines-pharmacies
Save-On-Foods Pharmacy #979 - Squamish,1301 Pemberton Avenue,Squamish,V8B 0A1,British Columbia,2021-04-11T20:42:54.622Z,https://immunizebc.ca/initial-covid-19-vaccines-pharmacies
Shoppers Drug Mart #0219,1339 Pemberton Ave.,Squamish,V8B 0A3,British Columbia,2021-04-11T20:42:54.622Z,https://immunizebc.ca/initial-covid-19-vaccines-pharmacies
Squamish Pharmacy,#101 - 37989 Cleveland Avenue,Squamish,V8B 0A7,British Columbia,2021-04-11T20:42:54.622Z,https://immunizebc.ca/initial-covid-19-vaccines-pharmacies
All Cure Pharmacy,#101 - 12827 76 Avenue,Surrey,V3W 2V3,British Columbia,2021-04-11T20:42:54.623Z,https://immunizebc.ca/initial-covid-19-vaccines-pharmacies
Beyond Pharmacy,#101 - 19211 Fraser Hwy.,Surrey,V3S 7C9,British Columbia,2021-04-11T20:42:54.623Z,https://immunizebc.ca/initial-covid-19-vaccines-pharmacies
Care In Motion Pharmacy,2 - 9880 120 St,Surrey,V3V 4C9,British Columbia,2021-04-11T20:42:54.623Z,https://immunizebc.ca/initial-covid-19-vaccines-pharmacies
Careville Pharmacy Fleetwood,107 - 8927 152 Street,Surrey,V3R 4E5,British Columbia,2021-04-11T20:42:54.623Z,https://immunizebc.ca/initial-covid-19-vaccines-pharmacies
Choices Pharmacy,105 - 9093 King George Blvd.,Surrey,V3V 5V7,British Columbia,2021-04-11T20:42:54.623Z,https://immunizebc.ca/initial-covid-19-vaccines-pharmacies
Coastal Care Pharmacy,101 - 10183 152A Street,Surrey,V3R 4H6,British Columbia,2021-04-11T20:42:54.623Z,https://immunizebc.ca/initial-covid-19-vaccines-pharmacies
Coastal Care Pharmacy #2,103 - 15420 Fraser Hwy.,Surrey,V3R 3P5,British Columbia,2021-04-11T20:42:54.624Z,https://immunizebc.ca/initial-covid-19-vaccines-pharmacies
Costco Pharmacy #055,7423 King George Blvd.,Surrey,V3W 5A8,British Columbia,2021-04-11T20:42:54.624Z,https://immunizebc.ca/initial-covid-19-vaccines-pharmacies
Family Care Pharmacy,Unit B 12815 - 96th Avenue,Surrey,V3V 6V9,British Columbia,2021-04-11T20:42:54.624Z,https://immunizebc.ca/initial-covid-19-vaccines-pharmacies
Fraser Heights Pharmacy,Suite 102 - 16033 - 108th Avenue,Surrey,V4N 1P2,British Columbia,2021-04-11T20:42:54.624Z,https://immunizebc.ca/initial-covid-19-vaccines-pharmacies
FreshCo Pharmacy #4255,7165 - 138 Street,Surrey,V3W 7T9,British Columbia,2021-04-11T20:42:54.624Z,https://immunizebc.ca/initial-covid-19-vaccines-pharmacies
Gateway Pharmacy,13717 72 Avenue,Surrey,V3W 2P2,British Columbia,2021-04-11T20:42:54.625Z,https://immunizebc.ca/initial-covid-19-vaccines-pharmacies
Guildford Drugs,#200 - 15135 101 Avenue,Surrey,V3R 7Z1,British Columbia,2021-04-11T20:42:54.625Z,https://immunizebc.ca/initial-covid-19-vaccines-pharmacies
Herbacy Pharmahealth International Limited,Unit 102 - 14045 104 Ave,Surrey,V3T 1X4,British Columbia,2021-04-11T20:42:54.626Z,https://immunizebc.ca/initial-covid-19-vaccines-pharmacies
King George Medic Pharmacy,#102 - 14333 104 Avenue,Surrey,V3T 0E1,British Columbia,2021-04-11T20:42:54.626Z,https://immunizebc.ca/initial-covid-19-vaccines-pharmacies
Kroll's Surrey Pharmacy,#101 - 9645 137 Street,Surrey,V3T 4G8,British Columbia,2021-04-11T20:42:54.626Z,https://immunizebc.ca/initial-covid-19-vaccines-pharmacies
Loblaw Pharmacy #1521,7550 King George Blvd,Surrey,V3W 2T2,British Columbia,2021-04-11T20:42:54.626Z,https://immunizebc.ca/initial-covid-19-vaccines-pharmacies
Loblaw Pharmacy #1551,2332 160 Street,Surrey,V3Z 9N6,British Columbia,2021-04-11T20:42:54.626Z,https://immunizebc.ca/initial-covid-19-vaccines-pharmacies
Loblaw Pharmacy #1556,14650 - 104th Avenue,Surrey,V3R 1M3,British Columbia,2021-04-11T20:42:54.627Z,https://immunizebc.ca/initial-covid-19-vaccines-pharmacies
Loblaw Pharmacy #4616,18765 Fraser Highway,Surrey,V3S 8E7,British Columbia,2021-04-11T20:42:54.627Z,https://immunizebc.ca/initial-covid-19-vaccines-pharmacies
London Drugs #09-Guildford,2300 10355 152nd St,Surrey,V3R 7B9,British Columbia,2021-04-11T20:42:54.627Z,https://immunizebc.ca/initial-covid-19-vaccines-pharmacies
London Drugs #81,#130 - 15850 26 Aveue,Surrey,V3S 2N6,British Columbia,2021-04-11T20:42:54.627Z,https://immunizebc.ca/initial-covid-19-vaccines-pharmacies
Medicine Shoppe #156,#104 - 16088 84th Avenue,Surrey,V4N 0V9,British Columbia,2021-04-11T20:42:54.627Z,https://immunizebc.ca/initial-covid-19-vaccines-pharmacies
Medicine Shoppe Pharmacy #240,#303 - 15988 Fraser Hwy.,Surrey,V4N 0X8,British Columbia,2021-04-11T20:42:54.629Z,https://immunizebc.ca/initial-covid-19-vaccines-pharmacies
Medisave Pharmacy #07,#104 - 8056 King George Blvd.,Surrey,V3W 5B5,British Columbia,2021-04-11T20:42:54.629Z,https://immunizebc.ca/initial-covid-19-vaccines-pharmacies
Medisave Pharmacy #3,#2 - 8181 120A Street,Surrey,V3W 3P2,British Columbia,2021-04-11T20:42:54.629Z,https://immunizebc.ca/initial-covid-19-vaccines-pharmacies
Medisave Pharmacy #4,Unit 12 - 6828 - 128th Street,Surrey,V3W 4C9,British Columbia,2021-04-11T20:42:54.629Z,https://immunizebc.ca/initial-covid-19-vaccines-pharmacies
Naz's Pharmacy #2,#113-12578 72nd Avenue,Surrey,V3W 2M6,British Columbia,2021-04-11T20:42:54.630Z,https://immunizebc.ca/initial-covid-19-vaccines-pharmacies
Naz's Pharmacy #4,101-12565 88th Avenue,Surrey,V3W 3J7,British Columbia,2021-04-11T20:42:54.630Z,https://immunizebc.ca/initial-covid-19-vaccines-pharmacies
Naz's Pharmacy No. 5,Unit 17 - 15300 105 Ave,Surrey,V3R 6A7,British Columbia,2021-04-11T20:42:54.630Z,https://immunizebc.ca/initial-covid-19-vaccines-pharmacies
Pacific Pharmacy #1,101 - 15122 - 72nd Avenue,Surrey,V3S 2G2,British Columbia,2021-04-11T20:42:54.630Z,https://immunizebc.ca/initial-covid-19-vaccines-pharmacies
Pharmacity Drugstore,101 - 8338 120 Street,Surrey,V3W 3N4,British Columbia,2021-04-11T20:42:54.630Z,https://immunizebc.ca/initial-covid-19-vaccines-pharmacies
Pharmacity Drugstore #3,#105 - 15240 56 Avenue,Surrey,V3S 5K7,British Columbia,2021-04-11T20:42:54.630Z,https://immunizebc.ca/initial-covid-19-vaccines-pharmacies
Pharmasave #021,105 - 13585 16th Avenue,Surrey,V4A 1P6,British Columbia,2021-04-11T20:42:54.631Z,https://immunizebc.ca/initial-covid-19-vaccines-pharmacies
Pharmasave #179,10654 King George Blvd,Surrey,V3T 2X3,British Columbia,2021-04-11T20:42:54.631Z,https://immunizebc.ca/initial-covid-19-vaccines-pharmacies
Pharmasave #206,#119 - 15280 101st Avenue,Surrey,V3R 8X7,British Columbia,2021-04-11T20:42:54.631Z,https://immunizebc.ca/initial-covid-19-vaccines-pharmacies
Pharmasave #248,#409-15940 Fraser Hwy.,Surrey,V4N 0X8,British Columbia,2021-04-11T20:42:54.631Z,https://immunizebc.ca/initial-covid-19-vaccines-pharmacies
Pharmasave #287 Sullivan Square,Unit 106 - 15325 56th Avenue,Surrey,V3S 0X9,British Columbia,2021-04-11T20:42:54.631Z,https://immunizebc.ca/initial-covid-19-vaccines-pharmacies
Pharmasave #71,#110 - 6350 - 120th Street,Surrey,V3X 3K1,British Columbia,2021-04-11T20:42:54.631Z,https://immunizebc.ca/initial-covid-19-vaccines-pharmacies
Pharmasave Health Centre #015,5778 - 176A Street,Surrey,V3S 4H3,British Columbia,2021-04-11T20:42:54.632Z,https://immunizebc.ca/initial-covid-19-vaccines-pharmacies
Pharmasave Health Centre #050,15168 Fraser Hwy,Surrey,V3R 3P1,British Columbia,2021-04-11T20:42:54.632Z,https://immunizebc.ca/initial-covid-19-vaccines-pharmacies
Pharmasave Health Centre #091 Newton,107 - 14199 62 Avenue,Surrey,V3X 0B1,British Columbia,2021-04-11T20:42:54.632Z,https://immunizebc.ca/initial-covid-19-vaccines-pharmacies
Pharmasave Health Centre #099,#10-2448 160th Street,Surrey,V3Z 0C8,British Columbia,2021-04-11T20:42:54.632Z,https://immunizebc.ca/initial-covid-19-vaccines-pharmacies
Pharmasave Health Centre #1000,#101 - 1688 152 Street,Surrey,V4A 4N2,British Columbia,2021-04-11T20:42:54.632Z,https://immunizebc.ca/initial-covid-19-vaccines-pharmacies
Pharmasave No. 008,Unit 110 - 13798 - 94A Avenue,Surrey,V3V 1N1,British Columbia,2021-04-11T20:42:54.633Z,https://immunizebc.ca/initial-covid-19-vaccines-pharmacies
Pharmasave Scott Town #167,9558 - 120th Street,Surrey,V3V 4C1,British Columbia,2021-04-11T20:42:54.633Z,https://immunizebc.ca/initial-covid-19-vaccines-pharmacies
Platinum Care Pharmacy,3 - 3238 King George Blvd.,Surrey,V4P 1A5,British Columbia,2021-04-11T20:42:54.633Z,https://immunizebc.ca/initial-covid-19-vaccines-pharmacies
PrimeCare Pharmacy,#101 - 7093 King George Blvd.,Surrey,V3W 5A2,British Columbia,2021-04-11T20:42:54.633Z,https://immunizebc.ca/initial-covid-19-vaccines-pharmacies
Prosper Pharmacy No. 3,3 - 12818 72 Avenue,Surrey,V3W 2M9,British Columbia,2021-04-11T20:42:54.633Z,https://immunizebc.ca/initial-covid-19-vaccines-pharmacies
Pure Integrative Pharmacy #1,#111 - 15388 24th Avenue,Surrey,V4A 2J2,British Columbia,2021-04-11T20:42:54.633Z,https://immunizebc.ca/initial-covid-19-vaccines-pharmacies
Rexall #7131,9025 160 Street,Surrey,V4N 2X7,British Columbia,2021-04-11T20:42:54.634Z,https://immunizebc.ca/initial-covid-19-vaccines-pharmacies
Rexall #7157,#150 - 17475 56 Avenue,Surrey,V3S 2X6,British Columbia,2021-04-11T20:42:54.634Z,https://immunizebc.ca/initial-covid-19-vaccines-pharmacies
Rexall #7167,107 - 15331 16 Avenue,Surrey,V4A 1R6,British Columbia,2021-04-11T20:42:54.634Z,https://immunizebc.ca/initial-covid-19-vaccines-pharmacies
Rexall #7169,12851 16th Avenue,Surrey,V4A 1N5,British Columbia,2021-04-11T20:42:54.634Z,https://immunizebc.ca/initial-covid-19-vaccines-pharmacies
Rexall Drug Store #7152 - Fraser Heights,#107 - 15966 108 Avenue,Surrey,V4N 1J6,British Columbia,2021-04-11T20:42:54.634Z,https://immunizebc.ca/initial-covid-19-vaccines-pharmacies
Safeway Pharmacy #4914,#700 15355 - 24th Avenue,Surrey,V4A 2H9,British Columbia,2021-04-11T20:42:54.634Z,https://immunizebc.ca/initial-covid-19-vaccines-pharmacies
Safeway Pharmacy #4920,8860 - 152nd Street,Surrey,V3R 4E4,British Columbia,2021-04-11T20:42:54.634Z,https://immunizebc.ca/initial-covid-19-vaccines-pharmacies
Satnam Pharmacy,#115 - 7130 120th Street,Surrey,V3W 3M8,British Columbia,2021-04-11T20:42:54.634Z,https://immunizebc.ca/initial-covid-19-vaccines-pharmacies
Save-on-Foods Pharmacy #2207 - King George,10312 King George Blvd,Surrey,V3T 2W5,British Columbia,2021-04-11T20:42:54.635Z,https://immunizebc.ca/initial-covid-19-vaccines-pharmacies
Save-on-Foods Pharmacy #2263 - Clayton,18710 Fraser Highway,Surrey,V3S 7Y4,British Columbia,2021-04-11T20:42:54.635Z,https://immunizebc.ca/initial-covid-19-vaccines-pharmacies
Save-on-Foods Pharmacy #918 - Fleetwood,9014 - 152nd Street,Surrey,V3R 4E7,British Columbia,2021-04-11T20:42:54.635Z,https://immunizebc.ca/initial-covid-19-vaccines-pharmacies
Shoppers Drug Mart #0267,3100 - 10153 King George Blvd,Surrey,V3T 2W1,British Columbia,2021-04-11T20:42:54.635Z,https://immunizebc.ca/initial-covid-19-vaccines-pharmacies
Shoppers Drug Mart #0273,15105 16 Avenue,Surrey,V4A 6G3,British Columbia,2021-04-11T20:42:54.635Z,https://immunizebc.ca/initial-covid-19-vaccines-pharmacies
Shoppers Drug Mart #2212,8962 - 152nd Street,Surrey,V3R 4E4,British Columbia,2021-04-11T20:42:54.635Z,https://immunizebc.ca/initial-covid-19-vaccines-pharmacies
Shoppers Drug Mart #2231,Unit 6 - 12830 - 96 Avenue,Surrey,V3V 6A8,British Columbia,2021-04-11T20:42:54.636Z,https://immunizebc.ca/initial-covid-19-vaccines-pharmacies
Shoppers Drug Mart #2235,7538 120 Street,Surrey,V3W 3N1,British Columbia,2021-04-11T20:42:54.636Z,https://immunizebc.ca/initial-covid-19-vaccines-pharmacies
Shoppers Drug Mart #2238,#101 - 12080 Nordel Way,Surrey,V3W 1P6,British Columbia,2021-04-11T20:42:54.636Z,https://immunizebc.ca/initial-covid-19-vaccines-pharmacies
Shoppers Drug Mart #2239,18677 Fraser Highway,Surrey,V3S 8E7,British Columbia,2021-04-11T20:42:54.636Z,https://immunizebc.ca/initial-covid-19-vaccines-pharmacies
Shoppers Drug Mart #2263,#105 - 16050 24th Avenue,Surrey,V3Z 0R5,British Columbia,2021-04-11T20:42:54.636Z,https://immunizebc.ca/initial-covid-19-vaccines-pharmacies
Somerset Pharmacy Services,Suite 7 - 13791 - 72nd Avenue,Surrey,V3W 9Y9,British Columbia,2021-04-11T20:42:54.636Z,https://immunizebc.ca/initial-covid-19-vaccines-pharmacies
Sunnyside Evergreen Pharmacy,2397 King George Blvd,Surrey,V4A 5A4,British Columbia,2021-04-11T20:42:54.637Z,https://immunizebc.ca/initial-covid-19-vaccines-pharmacies
Surlang Medicine Centre Pharmacy,105 - 19475 Fraser Hwy,Surrey,V3S 6K7,British Columbia,2021-04-11T20:42:54.637Z,https://immunizebc.ca/initial-covid-19-vaccines-pharmacies
Viva Care Pharmacy,105 - 14888 104th Ave,Surrey,V3R 1M4,British Columbia,2021-04-11T20:42:54.637Z,https://immunizebc.ca/initial-covid-19-vaccines-pharmacies
Wal-Mart Pharmacy #1205,2151 - 10153 King George Blvd.,Surrey,V3T 2W3,British Columbia,2021-04-11T20:42:54.637Z,https://immunizebc.ca/initial-covid-19-vaccines-pharmacies
Wal-Mart Pharmacy #3098,1000 Guildford Town Cntr.,Surrey,V3R 7C3,British Columbia,2021-04-11T20:42:54.637Z,https://immunizebc.ca/initial-covid-19-vaccines-pharmacies
We Care Pharmacy,100 - 6329 King George Blvd.,Surrey,V3X 1G1,British Columbia,2021-04-11T20:42:54.637Z,https://immunizebc.ca/initial-covid-19-vaccines-pharmacies
Wellness Pharmacy No. 3,#103-13737 96th Avenue,Surrey,V3V 0C6,British Columbia,2021-04-11T20:42:54.637Z,https://immunizebc.ca/initial-covid-19-vaccines-pharmacies
360Care Denman Pharmacy,683 Denman Street,Vancouver,V6G 2L3,British Columbia,2021-04-11T20:42:54.638Z,https://immunizebc.ca/initial-covid-19-vaccines-pharmacies
Alberto Pharmacy #2,Suite 101 - 2620 Commercial Drive,Vancouver,V5N 4C4,British Columbia,2021-04-11T20:42:54.638Z,https://immunizebc.ca/initial-covid-19-vaccines-pharmacies
Biopro Biologics Pharmacy,845 West Broadway,Vancouver,V5Z 1J9,British Columbia,2021-04-11T20:42:54.638Z,https://immunizebc.ca/initial-covid-19-vaccines-pharmacies
Coal Harbour Pharmacy,Unit B - 622 Bute Street,Vancouver,V6E 3M1,British Columbia,2021-04-11T20:42:54.638Z,https://immunizebc.ca/initial-covid-19-vaccines-pharmacies
Continental Pharmacy #2,5316 Victoria Drive,Vancouver,V5P 3V7,British Columbia,2021-04-11T20:42:54.639Z,https://immunizebc.ca/initial-covid-19-vaccines-pharmacies
Corning Drugs #2,102 - 236 East Georgia Street,Vancouver,V6A 1Z7,British Columbia,2021-04-11T20:42:54.639Z,https://immunizebc.ca/initial-covid-19-vaccines-pharmacies
Corning Drugs Ltd.,#101 - 515 Main Street,Vancouver,V6A 2V1,British Columbia,2021-04-11T20:42:54.639Z,https://immunizebc.ca/initial-covid-19-vaccines-pharmacies
Costco Pharmacy #552,605 Expo Boulevard,Vancouver,V6B 1V4,British Columbia,2021-04-11T20:42:54.639Z,https://immunizebc.ca/initial-covid-19-vaccines-pharmacies
Davie Pharmacy,1232 Davie Street,Vancouver,V6E 1N3,British Columbia,2021-04-11T20:42:54.639Z,https://immunizebc.ca/initial-covid-19-vaccines-pharmacies
Everwell Pharmacy,8179 Granville Street,Vancouver,V6P 4Z6,British Columbia,2021-04-11T20:42:54.639Z,https://immunizebc.ca/initial-covid-19-vaccines-pharmacies
Fraser Outreach Pharmacy,4127 Fraser Street,Vancouver,V5V 4E9,British Columbia,2021-04-11T20:42:54.640Z,https://immunizebc.ca/initial-covid-19-vaccines-pharmacies
Garlane Prescriptions (Garlane #5),Suite 102 - 409 West Broadway,Vancouver,V5Y 1R4,British Columbia,2021-04-11T20:42:54.640Z,https://immunizebc.ca/initial-covid-19-vaccines-pharmacies
Healthside Pharmacy,5448 Victoria Drive,Vancouver,V5P 3V8,British Columbia,2021-04-11T20:42:54.640Z,https://immunizebc.ca/initial-covid-19-vaccines-pharmacies
Kerrisdale Medicine Centre Pharmacy,5591 West Boulevard,Vancouver,V6M 3W6,British Columbia,2021-04-11T20:42:54.640Z,https://immunizebc.ca/initial-covid-19-vaccines-pharmacies
Lancaster Medical Supplies & Prescrip. #1,Unit #1 - 601 West Broadway,Vancouver,V5Z 4C2,British Columbia,2021-04-11T20:42:54.640Z,https://immunizebc.ca/initial-covid-19-vaccines-pharmacies
Laurel Prescriptions,Suite 102 - 888 West 8th Avenue,Vancouver,V5Z 3Y1,British Columbia,2021-04-11T20:42:54.640Z,https://immunizebc.ca/initial-covid-19-vaccines-pharmacies
Loblaw Pharmacy #1517,350 S.E. Marine Drive,Vancouver,V5X 2S5,British Columbia,2021-04-11T20:42:54.642Z,https://immunizebc.ca/initial-covid-19-vaccines-pharmacies
Loblaw Pharmacy #1520,3185 Grandview Highway,Vancouver,V5M 2E9,British Columbia,2021-04-11T20:42:54.642Z,https://immunizebc.ca/initial-covid-19-vaccines-pharmacies
London Drugs #04-Broadway,525 West Broadway,Vancouver,V5Z 1E6,British Columbia,2021-04-11T20:42:54.642Z,https://immunizebc.ca/initial-covid-19-vaccines-pharmacies
London Drugs #10-Kerrisdale,2091 West 42nd Avenue,Vancouver,V6M 2B4,British Columbia,2021-04-11T20:42:54.642Z,https://immunizebc.ca/initial-covid-19-vaccines-pharmacies
London Drugs #28-Kingsway,3328 Kingsway,Vancouver,V5R 5L1,British Columbia,2021-04-11T20:42:54.642Z,https://immunizebc.ca/initial-covid-19-vaccines-pharmacies
London Drugs #53-Victoria Drive,5639 Victoria Drive,Vancouver,V5P 3W2,British Columbia,2021-04-11T20:42:54.642Z,https://immunizebc.ca/initial-covid-19-vaccines-pharmacies
Macdonald's Prescriptions #3,2188 West Broadway,Vancouver,V6K 2C8,British Columbia,2021-04-11T20:42:54.643Z,https://immunizebc.ca/initial-covid-19-vaccines-pharmacies
Medical Centre Pharmacy,1175 Denman Street,Vancouver,V6G 2N1,British Columbia,2021-04-11T20:42:54.643Z,https://immunizebc.ca/initial-covid-19-vaccines-pharmacies
Medicine Shoppe #116,#6 - 3195 Granville St.,Vancouver,V6H 3K2,British Columbia,2021-04-11T20:42:54.989Z,https://immunizebc.ca/initial-covid-19-vaccines-pharmacies
MJ'S Natural Pharmacy,6255 Victoria Drive,Vancouver,V5P 3X5,British Columbia,2021-04-11T20:42:54.990Z,https://immunizebc.ca/initial-covid-19-vaccines-pharmacies
MJ's Natural Pharmacy #2,6689 Victoria Drive,Vancouver,V5P 3Y2,British Columbia,2021-04-11T20:42:54.990Z,https://immunizebc.ca/initial-covid-19-vaccines-pharmacies
Nanaimo Pharmacy,1299 Nanaimo Street,Vancouver,V5L 4T5,British Columbia,2021-04-11T20:42:54.990Z,https://immunizebc.ca/initial-covid-19-vaccines-pharmacies
Naz's Prescription Plus Pharmacy,6410 Main Street,Vancouver,V5W 2V4,British Columbia,2021-04-11T20:42:54.990Z,https://immunizebc.ca/initial-covid-19-vaccines-pharmacies
Nurture Rx Pharmacy,2732 East 41st Avenue,Vancouver,V5R 2X1,British Columbia,2021-04-11T20:42:54.991Z,https://immunizebc.ca/initial-covid-19-vaccines-pharmacies
Owl Drugs,199 East Hastings Street,Vancouver,V6A 1N5,British Columbia,2021-04-11T20:42:54.991Z,https://immunizebc.ca/initial-covid-19-vaccines-pharmacies
P & A Pharmacy,4336 Fraser Street,Vancouver,V5V 4G3,British Columbia,2021-04-11T20:42:54.991Z,https://immunizebc.ca/initial-covid-19-vaccines-pharmacies
PharmaChoice Main,3882 Main Street,Vancouver,V5V 3N9,British Columbia,2021-04-11T20:42:54.991Z,https://immunizebc.ca/initial-covid-19-vaccines-pharmacies
Pharmachoice Pharmacy #9072,571 West 57th Avenue,Vancouver,V6P 1R8,British Columbia,2021-04-11T20:42:54.991Z,https://immunizebc.ca/initial-covid-19-vaccines-pharmacies
Pharmacy 24 No. 4,4973 Victoria Drive,Vancouver,V5P 3T7,British Columbia,2021-04-11T20:42:54.991Z,https://immunizebc.ca/initial-covid-19-vaccines-pharmacies
Pharmasave #026,6447 Fraser Street,Vancouver,V5W 3A6,British Columbia,2021-04-11T20:42:54.991Z,https://immunizebc.ca/initial-covid-19-vaccines-pharmacies
Pharmasave #065,1308 Commercial Drive,Vancouver,V5L 3X6,British Columbia,2021-04-11T20:42:54.992Z,https://immunizebc.ca/initial-covid-19-vaccines-pharmacies
Pharmasave #082,4628 Main Street,Vancouver,V5V 3R7,British Columbia,2021-04-11T20:42:54.992Z,https://immunizebc.ca/initial-covid-19-vaccines-pharmacies
Pharmasave #18,1517 West 57th Avenue,Vancouver,V6P 6E9,British Columbia,2021-04-11T20:42:54.992Z,https://immunizebc.ca/initial-covid-19-vaccines-pharmacies
Pharmasave #87,1070 Howe Street,Vancouver,V6Z 1P5,British Columbia,2021-04-11T20:42:54.992Z,https://immunizebc.ca/initial-covid-19-vaccines-pharmacies
Pharmasave Health Centre #002,#106 - 2800 East 1st Avenue,Vancouver,V5M 4N8,British Columbia,2021-04-11T20:42:54.992Z,https://immunizebc.ca/initial-covid-19-vaccines-pharmacies
Pharmasave Health Centre #010,Suite 101 - 1160 Burrard Street,Vancouver,V6Z 2E8,British Columbia,2021-04-11T20:42:54.992Z,https://immunizebc.ca/initial-covid-19-vaccines-pharmacies
Pharmasave Health Centre #017,1025 West 15th Avenue,Vancouver,V6H 1R7,British Columbia,2021-04-11T20:42:54.992Z,https://immunizebc.ca/initial-covid-19-vaccines-pharmacies
Pharmasave Health Centre #058,"#102, 2048 West 41st Avenue",Vancouver,V6M 1Y8,British Columbia,2021-04-11T20:42:54.993Z,https://immunizebc.ca/initial-covid-19-vaccines-pharmacies
Pharmasave Health Centre #080,5791 Oak St,Vancouver,V6M 2V7,British Columbia,2021-04-11T20:42:54.993Z,https://immunizebc.ca/initial-covid-19-vaccines-pharmacies
Pharmasave Health Centre #094,1808 Kingsway,Vancouver,V5N 2S7,British Columbia,2021-04-11T20:42:54.993Z,https://immunizebc.ca/initial-covid-19-vaccines-pharmacies
Pharmasave Health Centre #1022,#1 - 1530 West 7th Avenue,Vancouver,V6J 1S2,British Columbia,2021-04-11T20:42:54.993Z,https://immunizebc.ca/initial-covid-19-vaccines-pharmacies
Pharmatrust Pharmacy #2,178 Keefer Street,Vancouver,V6A 1X4,British Columbia,2021-04-11T20:42:54.993Z,https://immunizebc.ca/initial-covid-19-vaccines-pharmacies
Pure Integrative Pharmacy #10,3228 Dunbar Street,Vancouver,V6S 2B7,British Columbia,2021-04-11T20:42:54.995Z,https://immunizebc.ca/initial-covid-19-vaccines-pharmacies
Pure Integrative Pharmacy #23,#210 - 2425 Hemlock Street,Vancouver,V6H 4E1,British Columbia,2021-04-11T20:42:54.995Z,https://immunizebc.ca/initial-covid-19-vaccines-pharmacies
Pure Integrative Pharmacy #9,238 Robson Street,Vancouver,V6B 6A1,British Columbia,2021-04-11T20:42:54.995Z,https://immunizebc.ca/initial-covid-19-vaccines-pharmacies
Queens Apothecary,2235 Kingsway,Vancouver,V5N 2T6,British Columbia,2021-04-11T20:42:54.996Z,https://immunizebc.ca/initial-covid-19-vaccines-pharmacies
Rexall #7149,#122 - 1055 West Georgia Street,Vancouver,V6E 3P3,British Columbia,2021-04-11T20:42:54.996Z,https://immunizebc.ca/initial-covid-19-vaccines-pharmacies
Rexall #7159,6580 Fraser Street,Vancouver,V5X 3T3,British Columbia,2021-04-11T20:42:54.996Z,https://immunizebc.ca/initial-covid-19-vaccines-pharmacies
Rexall #7174,499 Granville Street,Vancouver,V6C 1T1,British Columbia,2021-04-11T20:42:54.996Z,https://immunizebc.ca/initial-covid-19-vaccines-pharmacies
Rexall Drug Store #7182,#1173 - 88 West Pender Street,Vancouver,V6B 6N9,British Columbia,2021-04-11T20:42:54.996Z,https://immunizebc.ca/initial-covid-19-vaccines-pharmacies
Safeway Pharmacy #4908,1766 Robson Street,Vancouver,V6G 1E2,British Columbia,2021-04-11T20:42:54.996Z,https://immunizebc.ca/initial-covid-19-vaccines-pharmacies
Safeway Pharmacy #4941,990 West 25th Avenue,Vancouver,V5Z 2E2,British Columbia,2021-04-11T20:42:54.996Z,https://immunizebc.ca/initial-covid-19-vaccines-pharmacies
Safeway Pharmacy #4942,2315 West 4th Avenue,Vancouver,V6K 1P2,British Columbia,2021-04-11T20:42:54.997Z,https://immunizebc.ca/initial-covid-19-vaccines-pharmacies
Safeway Pharmacy #4976,8475 Granville Street,Vancouver,V6P 4Z9,British Columbia,2021-04-11T20:42:54.997Z,https://immunizebc.ca/initial-covid-19-vaccines-pharmacies
Save-on-Foods Pharmacy #937 - 7th & Cambie,2308 Cambie Street,Vancouver,V5Z 2T8,British Columbia,2021-04-11T20:42:54.997Z,https://immunizebc.ca/initial-covid-19-vaccines-pharmacies
Save-on-Foods Pharmacy #940 - King Edward,1403 King Edward Avenue E.,Vancouver,V5N 5Z4,British Columbia,2021-04-11T20:42:54.997Z,https://immunizebc.ca/initial-covid-19-vaccines-pharmacies
Save-On-Foods Pharmacy #993 - UBC,5945 Berton Avenue,Vancouver,V6S 0B3,British Columbia,2021-04-11T20:42:54.997Z,https://immunizebc.ca/initial-covid-19-vaccines-pharmacies
Seymour Pharmacy***,1290 Hornby Street,Vancouver,V6Z 0A3,British Columbia,2021-04-11T20:42:54.997Z,https://immunizebc.ca/initial-covid-19-vaccines-pharmacies
Shaughnessy Pharmacy,1265 West Broadway,Vancouver,V6H 1G7,British Columbia,2021-04-11T20:42:54.997Z,https://immunizebc.ca/initial-covid-19-vaccines-pharmacies
Shoppers Drug Mart #0201,1020 Denman Street,Vancouver,V6G 2M5,British Columbia,2021-04-11T20:42:54.998Z,https://immunizebc.ca/initial-covid-19-vaccines-pharmacies
Shoppers Drug Mart #0202,2888 Granville Street,Vancouver,V6H 3J5,British Columbia,2021-04-11T20:42:54.998Z,https://immunizebc.ca/initial-covid-19-vaccines-pharmacies
Shoppers Drug Mart #0204,370 East Broadway,Vancouver,V5T 4G5,British Columbia,2021-04-11T20:42:54.998Z,https://immunizebc.ca/initial-covid-19-vaccines-pharmacies
Shoppers Drug Mart #0238,3020 West Broadway,Vancouver,V6K 2H1,British Columbia,2021-04-11T20:42:54.998Z,https://immunizebc.ca/initial-covid-19-vaccines-pharmacies
Shoppers Drug Mart #0263,885 West Broadway,Vancouver,V5Z 1J9,British Columbia,2021-04-11T20:42:54.998Z,https://immunizebc.ca/initial-covid-19-vaccines-pharmacies
Shoppers Drug Mart #0272,1125 Davie Street,Vancouver,V6E 1N2,British Columbia,2021-04-11T20:42:54.998Z,https://immunizebc.ca/initial-covid-19-vaccines-pharmacies
Shoppers Drug Mart #0288,4326 Dunbar Street,Vancouver,V6S 2G3,British Columbia,2021-04-11T20:42:54.998Z,https://immunizebc.ca/initial-covid-19-vaccines-pharmacies
Shoppers Drug Mart #2130,8525 River District Crossing,Vancouver,V5S 0C8,British Columbia,2021-04-11T20:42:54.999Z,https://immunizebc.ca/initial-covid-19-vaccines-pharmacies
Shoppers Drug Mart #2234,3277 Cambie Street,Vancouver,V5Z 2W3,British Columbia,2021-04-11T20:42:54.999Z,https://immunizebc.ca/initial-covid-19-vaccines-pharmacies
Shoppers Drug Mart #2273,5940 University Boulevard,Vancouver,V6T 1Z3,British Columbia,2021-04-11T20:42:54.999Z,https://immunizebc.ca/initial-covid-19-vaccines-pharmacies
Shoppers Drug Mart #2279,2730 Oak Street,Vancouver,V6H 0A5,British Columbia,2021-04-11T20:42:54.999Z,https://immunizebc.ca/initial-covid-19-vaccines-pharmacies
Shoppers Drug Mart #2294,2748 East Hastings Street,Vancouver,V5K 1Z9,British Columbia,2021-04-11T20:42:54.999Z,https://immunizebc.ca/initial-covid-19-vaccines-pharmacies
The Pharmacy Kitsilano (Pharmachoice),2957 West Broadway,Vancouver,V6K 2G9,British Columbia,2021-04-11T20:42:54.999Z,https://immunizebc.ca/initial-covid-19-vaccines-pharmacies
The Pharmacy West End (Pharmachoice),1747 Robson Street,Vancouver,V6G 1C9,British Columbia,2021-04-11T20:42:54.999Z,https://immunizebc.ca/initial-covid-19-vaccines-pharmacies
The Pharmacy Yaletown (Pharmachoice),1251 Pacific Boulevard,Vancouver,V6Z 2R6,British Columbia,2021-04-11T20:42:55.000Z,https://immunizebc.ca/initial-covid-19-vaccines-pharmacies
Unicare Pharmacy,#102 - 3325 Kingsway,Vancouver,V5R 5K6,British Columbia,2021-04-11T20:42:55.000Z,https://immunizebc.ca/initial-covid-19-vaccines-pharmacies
University Pharmacy (1987) LTD.,5754 University Blvd.,Vancouver,V6T 1K6,British Columbia,2021-04-11T20:42:55.000Z,https://immunizebc.ca/initial-covid-19-vaccines-pharmacies
Urban Fare Pharmacy #7614 - Yaletown,177 Davie Street,Vancouver,V6Z 2Y1,British Columbia,2021-04-11T20:42:55.000Z,https://immunizebc.ca/initial-covid-19-vaccines-pharmacies
Wellness Pharmacy,#109 - 805 West Broadway,Vancouver,V5Z 1K1,British Columbia,2021-04-11T20:42:55.000Z,https://immunizebc.ca/initial-covid-19-vaccines-pharmacies
Wellness Pharmacy #5,5150 Joyce Street,Vancouver,V5R 4H1,British Columbia,2021-04-11T20:42:55.000Z,https://immunizebc.ca/initial-covid-19-vaccines-pharmacies
Wellness Pharmacy #8,420 Abbott Street,Vancouver,V6B 2L1,British Columbia,2021-04-11T20:42:55.000Z,https://immunizebc.ca/initial-covid-19-vaccines-pharmacies
Wescana Pharmacy #1,6686 Fraser Street,Vancouver,V5X 3T5,British Columbia,2021-04-11T20:42:55.000Z,https://immunizebc.ca/initial-covid-19-vaccines-pharmacies
West 10th Medical Pharmacy,4307 West 10th Avenue,Vancouver,V6R 2H6,British Columbia,2021-04-11T20:42:55.001Z,https://immunizebc.ca/initial-covid-19-vaccines-pharmacies
YNP Dunbar Pharmacy,4198 Dunbar Street,Vancouver,V6S 2E7,British Columbia,2021-04-11T20:42:55.001Z,https://immunizebc.ca/initial-covid-19-vaccines-pharmacies
Yyoung Medicine Mart,5570 Cambie Street,Vancouver,V5Z 3A6,British Columbia,2021-04-11T20:42:55.001Z,https://immunizebc.ca/initial-covid-19-vaccines-pharmacies
Yyoung Medicine Mart Main,1721 Main Street,Vancouver,V5T 3B5,British Columbia,2021-04-11T20:42:55.001Z,https://immunizebc.ca/initial-covid-19-vaccines-pharmacies
Bay Pharmacy,6355 Bruce Street,West Vancouver,V7W 2G5,British Columbia,2021-04-11T20:42:55.001Z,https://immunizebc.ca/initial-covid-19-vaccines-pharmacies
London Drugs #44-Park Royal,875 Park Royal North,West Vancouver,V7T 1H9,British Columbia,2021-04-11T20:42:55.001Z,https://immunizebc.ca/initial-covid-19-vaccines-pharmacies
Pharmasave #214,5331 Headland Drive,West Vancouver,V7W 3C6,British Columbia,2021-04-11T20:42:55.001Z,https://immunizebc.ca/initial-covid-19-vaccines-pharmacies
Pure Integrative Pharmacy #27,1318 Marine Dr,West Vancouver,V7T 1B5,British Columbia,2021-04-11T20:42:55.002Z,https://immunizebc.ca/initial-covid-19-vaccines-pharmacies
Remedy's RX Bellevue Pharmacy,202 16th Street,West Vancouver,V7V 3R5,British Columbia,2021-04-11T20:42:55.002Z,https://immunizebc.ca/initial-covid-19-vaccines-pharmacies
Rexall #7137,#107 - 575 - 16th Street,West Vancouver,V7V 4Y1,British Columbia,2021-04-11T20:42:55.002Z,https://immunizebc.ca/initial-covid-19-vaccines-pharmacies
Rose Pharmacy,1483 Marine Drive,West Vancouver,V7T 1B8,British Columbia,2021-04-11T20:42:55.002Z,https://immunizebc.ca/initial-covid-19-vaccines-pharmacies
Nester's Pharmacy Ltd.,#205-7015 Nesters Road,Whistler,V8E 0X1,British Columbia,2021-04-11T20:42:55.002Z,https://immunizebc.ca/initial-covid-19-vaccines-pharmacies
Rexall #7116,4204 (4212) Village Square,Whistler,V8E 1H5,British Columbia,2021-04-11T20:42:55.002Z,https://immunizebc.ca/initial-covid-19-vaccines-pharmacies
Rexall Drug Store #7117,#103 - 4360 Lorimer Road RR 4,Whistler,V8E 1A5,British Columbia,2021-04-11T20:42:55.002Z,https://immunizebc.ca/initial-covid-19-vaccines-pharmacies
Shoppers Drug Mart #2126,121 - 4295 Blackcomb Way,Whistler,V8E 0X2,British Columbia,2021-04-11T20:42:55.002Z,https://immunizebc.ca/initial-covid-19-vaccines-pharmacies
Better Me Pharmacy,1570 George Street,White Rock,V4B 4A5,British Columbia,2021-04-11T20:42:55.003Z,https://immunizebc.ca/initial-covid-19-vaccines-pharmacies
Family Care Pharmacy #3,1539 Johnston Road,White Rock,V4B 3Z6,British Columbia,2021-04-11T20:42:55.003Z,https://immunizebc.ca/initial-covid-19-vaccines-pharmacies
Rexall #7170,#102 - 15451 Russell Avenue,White Rock,V4B 2R5,British Columbia,2021-04-11T20:42:55.003Z,https://immunizebc.ca/initial-covid-19-vaccines-pharmacies
Rexall #7171,1463 Johnston Road,White Rock,V4B 3Z4,British Columbia,2021-04-11T20:42:55.003Z,https://immunizebc.ca/initial-covid-19-vaccines-pharmacies
Save-on-Foods Pharmacy #2235 - White Rock,1641 - 152nd Street,White Rock,V4A 4N3,British Columbia,2021-04-11T20:42:55.004Z,https://immunizebc.ca/initial-covid-19-vaccines-pharmacies
White Rock Pharmacy,Unit 102-1440 George Street,White Rock,V4B 4A3,British Columbia,2021-04-11T20:42:55.004Z,https://immunizebc.ca/initial-covid-19-vaccines-pharmacies
Loblaw Pharmacy #4399,Unit 1 - 9831 98A Avenue,Fort St. John,V1J 1S3,British Columbia,2021-04-11T20:42:55.004Z,https://immunizebc.ca/initial-covid-19-vaccines-pharmacies
Shoppers Drug Mart #0274,10351 - 100 Street,Fort St. John,V1J 3Z2,British Columbia,2021-04-11T20:42:55.004Z,https://immunizebc.ca/initial-covid-19-vaccines-pharmacies
Wal-Mart Pharmacy #3661,9007 - 96A Street,Fort St. John,V1J 7B6,British Columbia,2021-04-11T20:42:55.004Z,https://immunizebc.ca/initial-covid-19-vaccines-pharmacies
Costco Pharmacy #161,1675 Versatile Drive,Kamloops,V1S 1W7,British Columbia,2021-04-11T20:42:55.004Z,https://immunizebc.ca/initial-covid-19-vaccines-pharmacies
Kipp-Mallery Pharmacy,273 Victoria Street,Kamloops,V2C 2A1,British Columbia,2021-04-11T20:42:55.005Z,https://immunizebc.ca/initial-covid-19-vaccines-pharmacies
Loblaw Pharmacy #1522,910 Columbia Street West,Kamloops,V2C 1L2,British Columbia,2021-04-11T20:42:55.005Z,https://immunizebc.ca/initial-covid-19-vaccines-pharmacies
Loblaw Pharmacy #4613,#49 - 700 Tranquille Road,Kamloops,V2B 3H9,British Columbia,2021-04-11T20:42:55.005Z,https://immunizebc.ca/initial-covid-19-vaccines-pharmacies
Rexall #7122,101 -1801 Princeton- Hwy Kamloops,Kamloops,V2E 2J7,British Columbia,2021-04-11T20:42:55.005Z,https://immunizebc.ca/initial-covid-19-vaccines-pharmacies
Shoppers Drug Mart #0261,#2 - 2121 E. Trans Canada Hwy.,Kamloops,V2C 4A6,British Columbia,2021-04-11T20:42:55.005Z,https://immunizebc.ca/initial-covid-19-vaccines-pharmacies
Shoppers Drug Mart #0286,#48 - 700 Tranquille Road,Kamloops,V2B 3H9,British Columbia,2021-04-11T20:42:55.006Z,https://immunizebc.ca/initial-covid-19-vaccines-pharmacies
Shoppers Drug Mart #2121,Suite 35 - 1800 Tranquille Road,Kamloops,V2B 3L9,British Columbia,2021-04-11T20:42:55.006Z,https://immunizebc.ca/initial-covid-19-vaccines-pharmacies
Wal-Mart Pharmacy #3040,Sahali Mall Shopping Ctr.,Kamloops,V2E 2S5,British Columbia,2021-04-11T20:42:55.007Z,https://immunizebc.ca/initial-covid-19-vaccines-pharmacies
Costco Pharmacy #059,2479 North Highway 97,Kelowna,V1X 4J2,British Columbia,2021-04-11T20:42:55.007Z,https://immunizebc.ca/initial-covid-19-vaccines-pharmacies
Loblaw Pharmacy #1564,2280 Baron Road,Kelowna,V1X 7W3,British Columbia,2021-04-11T20:42:55.007Z,https://immunizebc.ca/initial-covid-19-vaccines-pharmacies
Loblaw Pharmacy #4614,127 - 1835 Gordon Drive,Kelowna,V1Y 3H4,British Columbia,2021-04-11T20:42:55.008Z,https://immunizebc.ca/initial-covid-19-vaccines-pharmacies
Pharmasave #242,#41 - 3155 Lakeshore Road,Kelowna,V1W 3S9,British Columbia,2021-04-11T20:42:55.008Z,https://immunizebc.ca/initial-covid-19-vaccines-pharmacies
Pharmasave #276,#1012 - 505 Doyle Avenue,Kelowna,V1Y 0C5,British Columbia,2021-04-11T20:42:55.008Z,https://immunizebc.ca/initial-covid-19-vaccines-pharmacies
Shoppers Drug Mart #2153,Unit A - 9970 Main St,Lake Country,V4V 2T9,British Columbia,2021-04-11T20:42:55.008Z,https://immunizebc.ca/initial-covid-19-vaccines-pharmacies
Costco Pharmacy #155,6700 Island Highway,Nanaimo,V9V 1K8,British Columbia,2021-04-11T20:42:55.008Z,https://immunizebc.ca/initial-covid-19-vaccines-pharmacies
Loblaw Pharmacy #1525,6435 Metral Drive,Nanaimo,V9T 2L9,British Columbia,2021-04-11T20:42:55.009Z,https://immunizebc.ca/initial-covid-19-vaccines-pharmacies
Medicine Shoppe #350,33 - 1150 Terminal Avenue North,Nanaimo,V9S 5L6,British Columbia,2021-04-11T20:42:55.009Z,https://immunizebc.ca/initial-covid-19-vaccines-pharmacies
Medicine Shoppe #352,#2A - 1834 Cedar Road,Nanaimo,V9X 1H9,British Columbia,2021-04-11T20:42:55.009Z,https://immunizebc.ca/initial-covid-19-vaccines-pharmacies
Rexall #7181,1750 Dufferin Crescent,Nanaimo,V9S 0A4,British Columbia,2021-04-11T20:42:55.009Z,https://immunizebc.ca/initial-covid-19-vaccines-pharmacies
Rexall #7191,Southgate Centre,Nanaimo,V9R 6L1,British Columbia,2021-04-11T20:42:55.009Z,https://immunizebc.ca/initial-covid-19-vaccines-pharmacies
Save-On-Foods Pharmacy #951 - Country Club,3200 N. Island Highway,Nanaimo,V9T 1W1,British Columbia,2021-04-11T20:42:55.009Z,https://immunizebc.ca/initial-covid-19-vaccines-pharmacies
Shoppers Drug Mart #2211,#38 - 3200 Island Highway,Nanaimo,V9T 1W1,British Columbia,2021-04-11T20:42:55.010Z,https://immunizebc.ca/initial-covid-19-vaccines-pharmacies
Medicine Shoppe #168,192 West Island Hwy.,Parksville,V9P 2H1,British Columbia,2021-04-11T20:42:55.010Z,https://immunizebc.ca/initial-covid-19-vaccines-pharmacies
Pharmasave Health Centre #024,#1 - 281 East Island Highway,Parksville,V9P 2G3,British Columbia,2021-04-11T20:42:55.010Z,https://immunizebc.ca/initial-covid-19-vaccines-pharmacies
Shoppers Drug Mart #2215,140 East Island Highway,Parksville,V9P 2G5,British Columbia,2021-04-11T20:42:55.010Z,https://immunizebc.ca/initial-covid-19-vaccines-pharmacies
Costco Pharmacy #158,2555 Range Road,Prince George,V2N 4G8,British Columbia,2021-04-11T20:42:55.010Z,https://immunizebc.ca/initial-covid-19-vaccines-pharmacies
Hart Drug Mart,6707 Dagg Road,Prince George,V2K 2R6,British Columbia,2021-04-11T20:42:55.010Z,https://immunizebc.ca/initial-covid-19-vaccines-pharmacies
Loblaw Pharmacy #1562,2155 Ferry Avenue,Prince George,V2N 5E8,British Columbia,2021-04-11T20:42:55.010Z,https://immunizebc.ca/initial-covid-19-vaccines-pharmacies
Save-on-Foods Pharmacy #967 - Spruceland,555 Central Street West,Prince George,V2M 3C6,British Columbia,2021-04-11T20:42:55.010Z,https://immunizebc.ca/initial-covid-19-vaccines-pharmacies
Shoppers Drug Mart #0210,Spruceland Shopping Ctr.,Prince George,V2M 3C6,British Columbia,2021-04-11T20:42:55.011Z,https://immunizebc.ca/initial-covid-19-vaccines-pharmacies
Shoppers Drug Mart #0268,Unit 185 - 3055 Massey Drive,Prince George,V2N 2S9,British Columbia,2021-04-11T20:42:55.011Z,https://immunizebc.ca/initial-covid-19-vaccines-pharmacies
Shoppers Drug Mart #2226,College Heights Plaza,Prince George,V2N 4A1,British Columbia,2021-04-11T20:42:55.011Z,https://immunizebc.ca/initial-covid-19-vaccines-pharmacies
Shoppers Drug Mart #2287,6760 Madill Road,Prince George,V2K 0A8,British Columbia,2021-04-11T20:42:55.011Z,https://immunizebc.ca/initial-covid-19-vaccines-pharmacies
Third Avenue Pharmacy,1467 3rd Avenue,Prince George,V2L 3G1,British Columbia,2021-04-11T20:42:55.011Z,https://immunizebc.ca/initial-covid-19-vaccines-pharmacies
Wal-Mart Pharmacy #3651,6565 Southridge Avenue,Prince George,V2N 6Z4,British Columbia,2021-04-11T20:42:55.011Z,https://immunizebc.ca/initial-covid-19-vaccines-pharmacies
Medicine Shoppe #268,143 Second Ave W,Qualicum Beach,V9K 2R8,British Columbia,2021-04-11T20:42:55.011Z,https://immunizebc.ca/initial-covid-19-vaccines-pharmacies
Loblaw Pharmacy #4983,2335 Maple Drive East,Quesnel,V2J 7J6,British Columbia,2021-04-11T20:42:55.012Z,https://immunizebc.ca/initial-covid-19-vaccines-pharmacies
Shoppers Drug Mart #0213,225 St. Laurent Avenue,Quesnel,V2J 2C8,British Columbia,2021-04-11T20:42:55.012Z,https://immunizebc.ca/initial-covid-19-vaccines-pharmacies
Wal-Mart Pharmacy #3199,890 Rita Road,Quesnel,V2J 7J3,British Columbia,2021-04-11T20:42:55.012Z,https://immunizebc.ca/initial-covid-19-vaccines-pharmacies
Shoppers Drug Mart #0223,Unit 4000 - 6660Road Sooke,Sooke,V9Z 0A5,British Columbia,2021-04-11T20:42:55.012Z,https://immunizebc.ca/initial-covid-19-vaccines-pharmacies
Shoppers Drug Mart #2259,#100 - 4634 Park Avenue,Terrace,V8G 1V7,British Columbia,2021-04-11T20:42:55.012Z,https://immunizebc.ca/initial-covid-19-vaccines-pharmacies
Loblaw Pharmacy #1531,5001 Anderson Way,Vernon,V1T 9V1,British Columbia,2021-04-11T20:42:55.012Z,https://immunizebc.ca/initial-covid-19-vaccines-pharmacies
Nolan's Pharmasave Drugs #222,3101 30th Avenue,Vernon,V1T 2C4,British Columbia,2021-04-11T20:42:55.013Z,https://immunizebc.ca/initial-covid-19-vaccines-pharmacies
Shoppers Drug Mart #2271,4376 - 27 Street,Vernon,V1T 4Y4,British Columbia,2021-04-11T20:42:55.013Z,https://immunizebc.ca/initial-covid-19-vaccines-pharmacies
Shoppers Drug Mart #2299,Polson Place Mall,Vernon,V1T 7E3,British Columbia,2021-04-11T20:42:55.013Z,https://immunizebc.ca/initial-covid-19-vaccines-pharmacies
Costco Pharmacy #256,799 McCallum Road,Victoria,V9B 6A2,British Columbia,2021-04-11T20:42:55.013Z,https://immunizebc.ca/initial-covid-19-vaccines-pharmacies
Drugstore Pharmacy #6708,846 Viewfield Road,Victoria,V9A 4V1,British Columbia,2021-04-11T20:42:55.013Z,https://immunizebc.ca/initial-covid-19-vaccines-pharmacies
Heart Pharmacy IDA At Cadboro Bay Village,#302 - 3825 Cadboro Bay Road,Victoria,V8N 4G1,British Columbia,2021-04-11T20:42:55.013Z,https://immunizebc.ca/initial-covid-19-vaccines-pharmacies
Heart Pharmacy IDA At Fairfield Plaza,Suite 15 - 1594 Fairfield Road,Victoria,V8S 1G1,British Columbia,2021-04-11T20:42:55.013Z,https://immunizebc.ca/initial-covid-19-vaccines-pharmacies
Heart Pharmacy IDA At Shelbourne Plaza,3643 Shelbourne Street,Victoria,V8P 4H1,British Columbia,2021-04-11T20:42:55.014Z,https://immunizebc.ca/initial-covid-19-vaccines-pharmacies
Loblaw Pharmacy #1527,835 Langford Parkway,Victoria,V9B 4V5,British Columbia,2021-04-11T20:42:55.014Z,https://immunizebc.ca/initial-covid-19-vaccines-pharmacies
Medicine Shoppe #195,Suite #104B - 1964 Fort Street,Victoria,V8R 6R3,British Columbia,2021-04-11T20:42:55.014Z,https://immunizebc.ca/initial-covid-19-vaccines-pharmacies
Medicine Shoppe #255,#4 - 4071 Shelbourne Street,Victoria,V8N 5Y1,British Columbia,2021-04-11T20:42:55.014Z,https://immunizebc.ca/initial-covid-19-vaccines-pharmacies
Medicine Shoppe #415,Unit 104 - 2806 Jacklin Road,Victoria,V9B 5A4,British Columbia,2021-04-11T20:42:55.014Z,https://immunizebc.ca/initial-covid-19-vaccines-pharmacies
Pharmasave #115,1 - 1153 Esquimalt Road,Victoria,V9A 3N7,British Columbia,2021-04-11T20:42:55.015Z,https://immunizebc.ca/initial-covid-19-vaccines-pharmacies
Pharmasave #142,1641 Hillside Avenue,Victoria,V8T 5G1,British Columbia,2021-04-11T20:42:55.015Z,https://immunizebc.ca/initial-covid-19-vaccines-pharmacies
Pharmasave #232,#310 - 777 Royal Oak Drive,Victoria,V8X 4V1,British Columbia,2021-04-11T20:42:55.015Z,https://immunizebc.ca/initial-covid-19-vaccines-pharmacies
Pharmasave #284,2401F Millstream Road,Victoria,V9B 3R5,British Columbia,2021-04-11T20:42:55.015Z,https://immunizebc.ca/initial-covid-19-vaccines-pharmacies
Pharmasave #285,101 - 1497 Admirals Road,Victoria,V9A 2P8,British Columbia,2021-04-11T20:42:55.015Z,https://immunizebc.ca/initial-covid-19-vaccines-pharmacies
Pharmasave Oak Bay #152,2200 Oak Bay Avenue,Victoria,V8R 1G3,British Columbia,2021-04-11T20:42:55.016Z,https://immunizebc.ca/initial-covid-19-vaccines-pharmacies
Rexall #7103,1511 Admirals Road,Victoria,V9A 2P8,British Columbia,2021-04-11T20:42:55.016Z,https://immunizebc.ca/initial-covid-19-vaccines-pharmacies
Rexall #7121,912 Douglas Steet,Victoria,V8W 2C1,British Columbia,2021-04-11T20:42:55.016Z,https://immunizebc.ca/initial-covid-19-vaccines-pharmacies
Rexall #7126,103 - 1646 McKenzie Avenue,Victoria,V8N 0A3,British Columbia,2021-04-11T20:42:55.016Z,https://immunizebc.ca/initial-covid-19-vaccines-pharmacies
Rexall #7127,101 - 230 Cook Street,Victoria,V8V 3X3,British Columbia,2021-04-11T20:42:55.016Z,https://immunizebc.ca/initial-covid-19-vaccines-pharmacies
Rexall #7128,101-1990 Fort Street,Victoria,V8R 6V4,British Columbia,2021-04-11T20:42:55.016Z,https://immunizebc.ca/initial-covid-19-vaccines-pharmacies
Rexall #7133,Suite 210 - 1595 McKenzie Avenue,Victoria,V8N 1A4,British Columbia,2021-04-11T20:42:55.017Z,https://immunizebc.ca/initial-covid-19-vaccines-pharmacies
Rexall Drug Store #7139,102 - 1880 Island Hwy,Victoria,V9B 1J2,British Columbia,2021-04-11T20:42:55.017Z,https://immunizebc.ca/initial-covid-19-vaccines-pharmacies
Rexall Victoria LTC,Unit B - 3388 Douglas Street,Victoria,V8Z 3L3,British Columbia,2021-04-11T20:42:55.017Z,https://immunizebc.ca/initial-covid-19-vaccines-pharmacies
Shoppers Drug Mart #0208,1627 Fort Street,Victoria,V8R 1H8,British Columbia,2021-04-11T20:42:55.017Z,https://immunizebc.ca/initial-covid-19-vaccines-pharmacies
Shoppers Drug Mart #0221,1212 Douglas Street,Victoria,V8W 2E5,British Columbia,2021-04-11T20:42:55.017Z,https://immunizebc.ca/initial-covid-19-vaccines-pharmacies
Shoppers Drug Mart #0226,Suite 126 - 1644 Hillside Avenue,Victoria,V8T 2C5,British Columbia,2021-04-11T20:42:55.018Z,https://immunizebc.ca/initial-covid-19-vaccines-pharmacies
Shoppers Drug Mart #0233,3511 Blanshard Street,Victoria,V8Z 0B9,British Columbia,2021-04-11T20:42:55.018Z,https://immunizebc.ca/initial-covid-19-vaccines-pharmacies
Shoppers Drug Mart #0257,2947 Tillicum Road,Victoria,V9A 2A6,British Columbia,2021-04-11T20:42:55.018Z,https://immunizebc.ca/initial-covid-19-vaccines-pharmacies
Shoppers Drug Mart #0269,#100 - 4440 W. Saanich Road,Victoria,V8Z 3E9,British Columbia,2021-04-11T20:42:55.018Z,https://immunizebc.ca/initial-covid-19-vaccines-pharmacies
Shoppers Drug Mart #0278,Suite 300 - 2945 Jacklin Road,Victoria,V9B 5E3,British Columbia,2021-04-11T20:42:55.018Z,https://immunizebc.ca/initial-covid-19-vaccines-pharmacies
Shoppers Drug Mart #2213,870 Esquimalt Road,Victoria,V9A 3M4,British Columbia,2021-04-11T20:42:55.019Z,https://immunizebc.ca/initial-covid-19-vaccines-pharmacies
St. Anthony's Clinic Pharmacy #2,#109 - 582 Goldstream Avenue,Victoria,V9B 2W7,British Columbia,2021-04-11T20:42:55.019Z,https://immunizebc.ca/initial-covid-19-vaccines-pharmacies
Wal-Mart Pharmacy #3109,3460 Saanich Road,Victoria,V8Z 0B9,British Columbia,2021-04-11T20:42:55.019Z,https://immunizebc.ca/initial-covid-19-vaccines-pharmacies
Wal-Mart Pharmacy #3188,860 Langford Parkway,Victoria,V9B 2P3,British Columbia,2021-04-11T20:42:55.019Z,https://immunizebc.ca/initial-covid-19-vaccines-pharmacies
Shoppers Drug Mart #2297,525 Highway 97 South,West Kelowna,V1Z 4C9,British Columbia,2021-04-11T20:42:55.019Z,https://immunizebc.ca/initial-covid-19-vaccines-pharmacies
Loblaw Pharmacy #1552,3020 Louie Drive,Westbank,V4T 3E1,British Columbia,2021-04-11T20:42:55.019Z,https://immunizebc.ca/initial-covid-19-vaccines-pharmacies
Rexall #7193,2241 Louie Drive,Westbank,V4T 3K3,British Columbia,2021-04-11T20:42:55.020Z,https://immunizebc.ca/initial-covid-19-vaccines-pharmacies